-- phpMyAdmin SQL Dump
-- version 5.0.1
-- https://www.phpmyadmin.net/
--
-- Host: 127.0.0.1
-- Generation Time: Apr 14, 2020 at 05:00 PM
-- Server version: 10.4.11-MariaDB
-- PHP Version: 7.4.3

SET SQL_MODE = "NO_AUTO_VALUE_ON_ZERO";
SET AUTOCOMMIT = 0;
START TRANSACTION;
SET time_zone = "+00:00";


/*!40101 SET @OLD_CHARACTER_SET_CLIENT=@@CHARACTER_SET_CLIENT */;
/*!40101 SET @OLD_CHARACTER_SET_RESULTS=@@CHARACTER_SET_RESULTS */;
/*!40101 SET @OLD_COLLATION_CONNECTION=@@COLLATION_CONNECTION */;
/*!40101 SET NAMES utf8mb4 */;

--
-- Database: `atalla_test`
--

-- --------------------------------------------------------

--
-- Table structure for table `counters`
--

CREATE TABLE `counters` (
  `id` int(10) UNSIGNED NOT NULL,
  `name` varchar(191) COLLATE utf8mb4_unicode_ci NOT NULL,
  `counter` int(11) NOT NULL,
  `notes` varchar(191) COLLATE utf8mb4_unicode_ci DEFAULT NULL,
  `created_at` timestamp NULL DEFAULT NULL,
  `updated_at` timestamp NULL DEFAULT NULL,
  `deleted_at` timestamp NULL DEFAULT NULL
) ENGINE=InnoDB DEFAULT CHARSET=utf8mb4 COLLATE=utf8mb4_unicode_ci;

--
-- Dumping data for table `counters`
--

INSERT INTO `counters` (`id`, `name`, `counter`, `notes`, `created_at`, `updated_at`, `deleted_at`) VALUES
(1, 'SO', 1, '-', '2020-04-14 07:52:42', '2020-04-14 07:52:42', NULL);

-- --------------------------------------------------------

--
-- Table structure for table `customers`
--

CREATE TABLE `customers` (
  `id` bigint(20) UNSIGNED NOT NULL,
  `name` varchar(255) COLLATE utf8mb4_unicode_ci NOT NULL,
  `address` text COLLATE utf8mb4_unicode_ci DEFAULT NULL,
  `province_id` int(11) NOT NULL DEFAULT 9,
  `province_name` varchar(255) COLLATE utf8mb4_unicode_ci NOT NULL DEFAULT 'Jawa Barat',
  `city_id` int(11) NOT NULL DEFAULT 23,
  `city_name` varchar(255) COLLATE utf8mb4_unicode_ci NOT NULL DEFAULT 'Bandung',
  `phone` varchar(255) COLLATE utf8mb4_unicode_ci DEFAULT NULL,
  `status` varchar(255) COLLATE utf8mb4_unicode_ci DEFAULT NULL,
  `created_at` timestamp NULL DEFAULT NULL,
  `updated_at` timestamp NULL DEFAULT NULL
) ENGINE=InnoDB DEFAULT CHARSET=utf8mb4 COLLATE=utf8mb4_unicode_ci;

--
-- Dumping data for table `customers`
--

INSERT INTO `customers` (`id`, `name`, `address`, `province_id`, `province_name`, `city_id`, `city_name`, `phone`, `status`, `created_at`, `updated_at`) VALUES
(1, 'Pembeli Retail', NULL, 9, 'Jawa Barat', 23, 'Bandung', NULL, NULL, '2020-04-14 07:52:42', '2020-04-14 07:52:42'),
(2, 'Louvenia', '6558 Lolita Falls', 8, 'Jambi', 293, 'Muaro Jambi', '917.702.9296 x35107', 'Agen', '2020-04-14 07:53:08', '2020-04-14 07:53:08'),
(3, 'Rebekah', '1488 Alayna Burgs', 22, 'Nusa Tenggara Barat (NTB)', 276, 'Mataram', '+1 (543) 593-2526', 'Distributor', '2020-04-14 07:53:08', '2020-04-14 07:53:08'),
(4, 'Allene', '17966 Wolff Brook Suite 165', 4, 'Bengkulu', 62, 'Bengkulu', '+1 (830) 530-0654', 'Agen', '2020-04-14 07:53:08', '2020-04-14 07:53:08'),
(5, 'Oliver', '763 Federico Dale', 9, 'Jawa Barat', 107, 'Cimahi', '285.846.3384', 'Distributor', '2020-04-14 07:53:08', '2020-04-14 07:53:08'),
(6, 'Ara', '9037 Ziemann Burgs Apt. 912', 11, 'Jawa Timur', 80, 'Bojonegoro', '(610) 478-2169 x26439', 'Distributor', '2020-04-14 07:53:08', '2020-04-14 07:53:08'),
(7, 'Lennie', '80949 Breana Garden Apt. 905', 15, 'Kalimantan Timur', 341, 'Paser', '374-891-9194 x870', 'Agen', '2020-04-14 07:53:08', '2020-04-14 07:53:08'),
(8, 'Mckenzie', '30251 Melvin Lodge', 34, 'Sumatera Utara', 464, 'Tapanuli Tengah', '1-495-843-3395', 'Agen', '2020-04-14 07:53:08', '2020-04-14 07:53:08'),
(9, 'Shanel', '7553 Stiedemann Mission Suite 930', 5, 'DI Yogyakarta', 135, 'Gunung Kidul', '+1 (937) 276-6270', 'Agen', '2020-04-14 07:53:08', '2020-04-14 07:53:08'),
(10, 'Dawson', '718 Lisandro Forks', 22, 'Nusa Tenggara Barat (NTB)', 439, 'Sumbawa Barat', '(674) 984-5555 x1108', 'Agen', '2020-04-14 07:53:08', '2020-04-14 07:53:08'),
(11, 'Milo', '5664 Shields Fords', 30, 'Sulawesi Tenggara', 202, 'Konawe Utara', '+1.574.920.9227', 'Distributor', '2020-04-14 07:53:08', '2020-04-14 07:53:08');

-- --------------------------------------------------------

--
-- Table structure for table `inventories`
--

CREATE TABLE `inventories` (
  `id` bigint(20) UNSIGNED NOT NULL,
  `product_id` bigint(20) UNSIGNED NOT NULL,
  `size` varchar(255) COLLATE utf8mb4_unicode_ci NOT NULL,
  `color` varchar(255) COLLATE utf8mb4_unicode_ci NOT NULL,
  `qty` int(11) NOT NULL,
  `qty_hold` int(11) NOT NULL DEFAULT 0,
  `created_at` timestamp NULL DEFAULT NULL,
  `updated_at` timestamp NULL DEFAULT NULL
) ENGINE=InnoDB DEFAULT CHARSET=utf8mb4 COLLATE=utf8mb4_unicode_ci;

--
-- Dumping data for table `inventories`
--

INSERT INTO `inventories` (`id`, `product_id`, `size`, `color`, `qty`, `qty_hold`, `created_at`, `updated_at`) VALUES
(1, 1, 'XL', 'Putih', 32, 0, '2020-04-14 07:53:08', '2020-04-14 07:53:08'),
(2, 1, 'S', 'Hijau', 24, 0, '2020-04-14 07:53:08', '2020-04-14 07:53:08'),
(3, 1, 'L', 'Biru', 35, 0, '2020-04-14 07:53:08', '2020-04-14 07:53:08'),
(4, 1, 'XS', 'Putih', 17, 0, '2020-04-14 07:53:08', '2020-04-14 07:53:08'),
(5, 1, 'XS', 'Hitam', 93, 0, '2020-04-14 07:53:08', '2020-04-14 07:53:08'),
(6, 1, 'XL', 'Kuning', 91, 0, '2020-04-14 07:53:08', '2020-04-14 07:53:08'),
(7, 1, 'XL', 'Biru', 52, 0, '2020-04-14 07:53:09', '2020-04-14 07:53:09'),
(8, 1, 'M', 'Merah', 24, 0, '2020-04-14 07:53:09', '2020-04-14 07:53:09'),
(9, 1, 'S', 'Kuning', 17, 0, '2020-04-14 07:53:09', '2020-04-14 07:53:09'),
(10, 1, 'XL', 'Hijau', 86, 0, '2020-04-14 07:53:09', '2020-04-14 07:53:09'),
(11, 1, 'XS', 'Coklat', 39, 0, '2020-04-14 07:53:09', '2020-04-14 07:53:09'),
(12, 1, 'XS', 'Kuning', 52, 0, '2020-04-14 07:53:09', '2020-04-14 07:53:09'),
(13, 1, 'M', 'Coklat', 30, 0, '2020-04-14 07:53:09', '2020-04-14 07:53:09'),
(14, 1, 'L', 'Hitam', 44, 0, '2020-04-14 07:53:09', '2020-04-14 07:53:09'),
(15, 1, 'L', 'Hijau', 25, 0, '2020-04-14 07:53:09', '2020-04-14 07:53:09'),
(16, 1, 'S', 'Merah', 56, 0, '2020-04-14 07:53:09', '2020-04-14 07:53:09'),
(17, 1, 'M', 'Kuning', 64, 0, '2020-04-14 07:53:09', '2020-04-14 07:53:09'),
(18, 1, 'M', 'Hijau', 67, 0, '2020-04-14 07:53:09', '2020-04-14 07:53:09'),
(19, 1, 'XL', 'Coklat', 86, 0, '2020-04-14 07:53:09', '2020-04-14 07:53:09'),
(21, 1, 'XL', 'Merah', 82, 0, '2020-04-14 07:53:09', '2020-04-14 07:53:09'),
(24, 1, 'M', 'Putih', 14, 0, '2020-04-14 07:53:09', '2020-04-14 07:53:09'),
(25, 1, 'S', 'Coklat', 40, 0, '2020-04-14 07:53:09', '2020-04-14 07:53:09'),
(28, 1, 'XS', 'Hijau', 54, 0, '2020-04-14 07:53:09', '2020-04-14 07:53:09'),
(29, 1, 'XL', 'Hitam', 62, 0, '2020-04-14 07:53:09', '2020-04-14 07:53:09'),
(38, 1, 'L', 'Kuning', 43, 0, '2020-04-14 07:53:10', '2020-04-14 07:53:10'),
(43, 1, 'L', 'Coklat', 64, 0, '2020-04-14 07:53:10', '2020-04-14 07:53:10'),
(44, 1, 'S', 'Putih', 47, 0, '2020-04-14 07:53:10', '2020-04-14 07:53:10'),
(46, 1, 'XS', 'Biru', 45, 0, '2020-04-14 07:53:10', '2020-04-14 07:53:10'),
(48, 1, 'S', 'Hitam', 22, 0, '2020-04-14 07:53:10', '2020-04-14 07:53:10'),
(51, 1, 'XS', 'Merah', 84, 0, '2020-04-14 07:53:10', '2020-04-14 07:53:10'),
(53, 1, 'M', 'Hitam', 91, 0, '2020-04-14 07:53:10', '2020-04-14 07:53:10'),
(61, 1, 'L', 'Merah', 22, 0, '2020-04-14 07:53:10', '2020-04-14 07:53:10'),
(67, 1, 'M', 'Biru', 79, 0, '2020-04-14 07:53:10', '2020-04-14 07:53:10'),
(75, 1, 'S', 'Biru', 37, 0, '2020-04-14 07:53:11', '2020-04-14 07:53:11'),
(102, 1, 'L', 'Putih', 12, 0, '2020-04-14 07:53:12', '2020-04-14 07:53:12'),
(103, 2, 'M', 'Kuning', 60, 0, '2020-04-14 07:53:12', '2020-04-14 07:53:12'),
(104, 2, 'L', 'Merah', 77, 0, '2020-04-14 07:53:12', '2020-04-14 07:53:12'),
(105, 2, 'M', 'Hijau', 72, 0, '2020-04-14 07:53:12', '2020-04-14 07:53:12'),
(106, 2, 'S', 'Coklat', 49, 0, '2020-04-14 07:53:12', '2020-04-14 07:53:12'),
(107, 2, 'S', 'Biru', 63, 0, '2020-04-14 07:53:12', '2020-04-14 07:53:12'),
(110, 2, 'L', 'Hijau', 26, 0, '2020-04-14 07:53:12', '2020-04-14 07:53:12'),
(111, 2, 'XS', 'Hijau', 64, 0, '2020-04-14 07:53:12', '2020-04-14 07:53:12'),
(112, 2, 'XS', 'Kuning', 71, 0, '2020-04-14 07:53:12', '2020-04-14 07:53:12'),
(113, 2, 'XL', 'Coklat', 26, 0, '2020-04-14 07:53:12', '2020-04-14 07:53:12'),
(114, 2, 'M', 'Biru', 50, 0, '2020-04-14 07:53:12', '2020-04-14 07:53:12'),
(115, 2, 'M', 'Hitam', 13, 0, '2020-04-14 07:53:12', '2020-04-14 07:53:12'),
(117, 2, 'XS', 'Merah', 49, 0, '2020-04-14 07:53:12', '2020-04-14 07:53:12'),
(118, 2, 'M', 'Coklat', 26, 0, '2020-04-14 07:53:12', '2020-04-14 07:53:12'),
(120, 2, 'XL', 'Kuning', 63, 0, '2020-04-14 07:53:12', '2020-04-14 07:53:12'),
(121, 2, 'XL', 'Merah', 44, 0, '2020-04-14 07:53:12', '2020-04-14 07:53:12'),
(122, 2, 'XL', 'Hijau', 19, 0, '2020-04-14 07:53:12', '2020-04-14 07:53:12'),
(123, 2, 'S', 'Hijau', 62, 0, '2020-04-14 07:53:12', '2020-04-14 07:53:12'),
(124, 2, 'S', 'Putih', 55, 0, '2020-04-14 07:53:12', '2020-04-14 07:53:12'),
(125, 2, 'XS', 'Hitam', 91, 0, '2020-04-14 07:53:12', '2020-04-14 07:53:12'),
(126, 2, 'M', 'Merah', 90, 0, '2020-04-14 07:53:12', '2020-04-14 07:53:12'),
(127, 2, 'XL', 'Putih', 64, 0, '2020-04-14 07:53:12', '2020-04-14 07:53:12'),
(129, 2, 'L', 'Hitam', 38, 0, '2020-04-14 07:53:12', '2020-04-14 07:53:12'),
(131, 2, 'S', 'Hitam', 69, 0, '2020-04-14 07:53:12', '2020-04-14 07:53:12'),
(133, 2, 'XS', 'Biru', 11, 0, '2020-04-14 07:53:12', '2020-04-14 07:53:12'),
(134, 2, 'L', 'Coklat', 84, 0, '2020-04-14 07:53:12', '2020-04-14 07:53:12'),
(136, 2, 'S', 'Kuning', 96, 0, '2020-04-14 07:53:13', '2020-04-14 07:53:13'),
(138, 2, 'XS', 'Putih', 93, 0, '2020-04-14 07:53:13', '2020-04-14 07:53:13'),
(142, 2, 'XS', 'Coklat', 68, 0, '2020-04-14 07:53:13', '2020-04-14 07:53:13'),
(143, 2, 'L', 'Kuning', 18, 0, '2020-04-14 07:53:13', '2020-04-14 07:53:13'),
(151, 2, 'S', 'Merah', 55, 0, '2020-04-14 07:53:13', '2020-04-14 07:53:13'),
(160, 2, 'L', 'Biru', 10, 0, '2020-04-14 07:53:13', '2020-04-14 07:53:13'),
(189, 2, 'XL', 'Biru', 14, 0, '2020-04-14 07:53:14', '2020-04-14 07:53:14'),
(190, 2, 'XL', 'Hitam', 58, 0, '2020-04-14 07:53:14', '2020-04-14 07:53:14'),
(216, 2, 'M', 'Putih', 76, 0, '2020-04-14 07:53:15', '2020-04-14 07:53:15'),
(225, 2, 'L', 'Putih', 67, 0, '2020-04-14 07:53:15', '2020-04-14 07:53:15'),
(226, 3, 'S', 'Merah', 63, 0, '2020-04-14 07:53:15', '2020-04-14 07:53:15'),
(227, 3, 'M', 'Hijau', 75, 0, '2020-04-14 07:53:15', '2020-04-14 07:53:15'),
(228, 3, 'L', 'Coklat', 51, 0, '2020-04-14 07:53:15', '2020-04-14 07:53:15'),
(229, 3, 'M', 'Kuning', 27, 0, '2020-04-14 07:53:15', '2020-04-14 07:53:15'),
(230, 3, 'XS', 'Putih', 11, 0, '2020-04-14 07:53:15', '2020-04-14 07:53:15'),
(231, 3, 'L', 'Putih', 90, 0, '2020-04-14 07:53:15', '2020-04-14 07:53:15'),
(232, 3, 'XL', 'Merah', 30, 0, '2020-04-14 07:53:15', '2020-04-14 07:53:15'),
(233, 3, 'XS', 'Hitam', 70, 0, '2020-04-14 07:53:15', '2020-04-14 07:53:15'),
(234, 3, 'XS', 'Kuning', 63, 0, '2020-04-14 07:53:15', '2020-04-14 07:53:15'),
(235, 3, 'L', 'Hitam', 13, 0, '2020-04-14 07:53:15', '2020-04-14 07:53:15'),
(236, 3, 'M', 'Merah', 51, 0, '2020-04-14 07:53:15', '2020-04-14 07:53:15'),
(238, 3, 'L', 'Biru', 94, 0, '2020-04-14 07:53:15', '2020-04-14 07:53:15'),
(239, 3, 'S', 'Hijau', 45, 0, '2020-04-14 07:53:15', '2020-04-14 07:53:15'),
(241, 3, 'XS', 'Biru', 83, 0, '2020-04-14 07:53:15', '2020-04-14 07:53:15'),
(243, 3, 'XS', 'Hijau', 67, 0, '2020-04-14 07:53:16', '2020-04-14 07:53:16'),
(245, 3, 'S', 'Coklat', 50, 0, '2020-04-14 07:53:16', '2020-04-14 07:53:16'),
(246, 3, 'M', 'Coklat', 11, 0, '2020-04-14 07:53:16', '2020-04-14 07:53:16'),
(250, 3, 'S', 'Kuning', 40, 0, '2020-04-14 07:53:16', '2020-04-14 07:53:16'),
(252, 3, 'L', 'Kuning', 73, 0, '2020-04-14 07:53:16', '2020-04-14 07:53:16'),
(253, 3, 'S', 'Biru', 11, 0, '2020-04-14 07:53:16', '2020-04-14 07:53:16'),
(255, 3, 'XL', 'Biru', 30, 0, '2020-04-14 07:53:16', '2020-04-14 07:53:16'),
(258, 3, 'XL', 'Coklat', 93, 0, '2020-04-14 07:53:16', '2020-04-14 07:53:16'),
(264, 3, 'XS', 'Merah', 94, 0, '2020-04-14 07:53:16', '2020-04-14 07:53:16'),
(266, 3, 'XL', 'Hijau', 99, 0, '2020-04-14 07:53:16', '2020-04-14 07:53:16'),
(269, 3, 'L', 'Merah', 77, 0, '2020-04-14 07:53:17', '2020-04-14 07:53:17'),
(272, 3, 'S', 'Hitam', 19, 0, '2020-04-14 07:53:17', '2020-04-14 07:53:17'),
(280, 3, 'XL', 'Putih', 98, 0, '2020-04-14 07:53:17', '2020-04-14 07:53:17'),
(286, 3, 'L', 'Hijau', 39, 0, '2020-04-14 07:53:17', '2020-04-14 07:53:17'),
(295, 3, 'XL', 'Hitam', 32, 0, '2020-04-14 07:53:17', '2020-04-14 07:53:17'),
(312, 3, 'XS', 'Coklat', 81, 0, '2020-04-14 07:53:18', '2020-04-14 07:53:18'),
(319, 3, 'M', 'Hitam', 83, 0, '2020-04-14 07:53:18', '2020-04-14 07:53:18'),
(323, 3, 'XL', 'Kuning', 41, 0, '2020-04-14 07:53:18', '2020-04-14 07:53:18'),
(325, 3, 'M', 'Putih', 32, 0, '2020-04-14 07:53:18', '2020-04-14 07:53:18'),
(330, 3, 'S', 'Putih', 33, 0, '2020-04-14 07:53:18', '2020-04-14 07:53:18'),
(348, 3, 'M', 'Biru', 10, 0, '2020-04-14 07:53:19', '2020-04-14 07:53:19'),
(349, 4, 'M', 'Merah', 22, 0, '2020-04-14 07:53:19', '2020-04-14 07:53:19'),
(350, 4, 'XS', 'Kuning', 20, 0, '2020-04-14 07:53:19', '2020-04-14 07:53:19'),
(351, 4, 'XS', 'Putih', 60, 0, '2020-04-14 07:53:19', '2020-04-14 07:53:19'),
(352, 4, 'S', 'Putih', 16, 0, '2020-04-14 07:53:19', '2020-04-14 07:53:19'),
(353, 4, 'XL', 'Merah', 98, 0, '2020-04-14 07:53:19', '2020-04-14 07:53:19'),
(354, 4, 'XS', 'Hitam', 91, 0, '2020-04-14 07:53:19', '2020-04-14 07:53:19'),
(355, 4, 'L', 'Kuning', 40, 0, '2020-04-14 07:53:19', '2020-04-14 07:53:19'),
(357, 4, 'L', 'Coklat', 66, 0, '2020-04-14 07:53:19', '2020-04-14 07:53:19'),
(358, 4, 'L', 'Hitam', 35, 0, '2020-04-14 07:53:19', '2020-04-14 07:53:19'),
(359, 4, 'S', 'Hijau', 28, 0, '2020-04-14 07:53:19', '2020-04-14 07:53:19'),
(360, 4, 'XL', 'Hitam', 15, 0, '2020-04-14 07:53:19', '2020-04-14 07:53:19'),
(361, 4, 'S', 'Kuning', 75, 0, '2020-04-14 07:53:19', '2020-04-14 07:53:19'),
(362, 4, 'L', 'Putih', 47, 0, '2020-04-14 07:53:19', '2020-04-14 07:53:19'),
(364, 4, 'XS', 'Hijau', 88, 0, '2020-04-14 07:53:19', '2020-04-14 07:53:19'),
(365, 4, 'L', 'Merah', 24, 0, '2020-04-14 07:53:19', '2020-04-14 07:53:19'),
(366, 4, 'M', 'Hijau', 39, 0, '2020-04-14 07:53:19', '2020-04-14 07:53:19'),
(367, 4, 'S', 'Merah', 93, 0, '2020-04-14 07:53:19', '2020-04-14 07:53:19'),
(370, 4, 'XL', 'Coklat', 91, 0, '2020-04-14 07:53:20', '2020-04-14 07:53:20'),
(374, 4, 'M', 'Biru', 75, 0, '2020-04-14 07:53:20', '2020-04-14 07:53:20'),
(375, 4, 'M', 'Putih', 44, 0, '2020-04-14 07:53:20', '2020-04-14 07:53:20'),
(376, 4, 'M', 'Coklat', 31, 0, '2020-04-14 07:53:20', '2020-04-14 07:53:20'),
(378, 4, 'L', 'Biru', 28, 0, '2020-04-14 07:53:20', '2020-04-14 07:53:20'),
(383, 4, 'XS', 'Biru', 51, 0, '2020-04-14 07:53:20', '2020-04-14 07:53:20'),
(384, 4, 'M', 'Hitam', 47, 0, '2020-04-14 07:53:20', '2020-04-14 07:53:20'),
(385, 4, 'L', 'Hijau', 48, 0, '2020-04-14 07:53:20', '2020-04-14 07:53:20'),
(389, 4, 'XL', 'Putih', 97, 0, '2020-04-14 07:53:20', '2020-04-14 07:53:20'),
(391, 4, 'S', 'Coklat', 51, 0, '2020-04-14 07:53:20', '2020-04-14 07:53:20'),
(397, 4, 'XL', 'Hijau', 100, 0, '2020-04-14 07:53:20', '2020-04-14 07:53:20'),
(401, 4, 'XL', 'Kuning', 91, 0, '2020-04-14 07:53:20', '2020-04-14 07:53:20'),
(402, 4, 'S', 'Biru', 88, 0, '2020-04-14 07:53:20', '2020-04-14 07:53:20'),
(403, 4, 'XS', 'Merah', 26, 0, '2020-04-14 07:53:20', '2020-04-14 07:53:20'),
(427, 4, 'M', 'Kuning', 91, 0, '2020-04-14 07:53:22', '2020-04-14 07:53:22'),
(439, 4, 'S', 'Hitam', 22, 0, '2020-04-14 07:53:22', '2020-04-14 07:53:22'),
(452, 4, 'XS', 'Coklat', 19, 0, '2020-04-14 07:53:23', '2020-04-14 07:53:23'),
(482, 4, 'XL', 'Biru', 65, 0, '2020-04-14 07:53:24', '2020-04-14 07:53:24'),
(483, 5, 'S', 'Coklat', 49, 0, '2020-04-14 07:53:24', '2020-04-14 07:53:24'),
(484, 5, 'S', 'Kuning', 49, 0, '2020-04-14 07:53:25', '2020-04-14 07:53:25'),
(485, 5, 'S', 'Merah', 15, 0, '2020-04-14 07:53:25', '2020-04-14 07:53:25'),
(487, 5, 'XS', 'Putih', 41, 0, '2020-04-14 07:53:25', '2020-04-14 07:53:25'),
(488, 5, 'XL', 'Coklat', 36, 0, '2020-04-14 07:53:25', '2020-04-14 07:53:25'),
(489, 5, 'M', 'Coklat', 19, 0, '2020-04-14 07:53:25', '2020-04-14 07:53:25'),
(490, 5, 'L', 'Coklat', 22, 0, '2020-04-14 07:53:25', '2020-04-14 07:53:25'),
(491, 5, 'XL', 'Biru', 68, 0, '2020-04-14 07:53:25', '2020-04-14 07:53:25'),
(492, 5, 'L', 'Putih', 43, 0, '2020-04-14 07:53:25', '2020-04-14 07:53:25'),
(493, 5, 'L', 'Kuning', 42, 0, '2020-04-14 07:53:25', '2020-04-14 07:53:25'),
(494, 5, 'XL', 'Merah', 21, 0, '2020-04-14 07:53:25', '2020-04-14 07:53:25'),
(495, 5, 'XS', 'Hitam', 24, 0, '2020-04-14 07:53:25', '2020-04-14 07:53:25'),
(496, 5, 'XS', 'Kuning', 79, 0, '2020-04-14 07:53:25', '2020-04-14 07:53:25'),
(499, 5, 'M', 'Hitam', 19, 0, '2020-04-14 07:53:25', '2020-04-14 07:53:25'),
(501, 5, 'S', 'Hitam', 58, 0, '2020-04-14 07:53:25', '2020-04-14 07:53:25'),
(502, 5, 'L', 'Merah', 68, 0, '2020-04-14 07:53:25', '2020-04-14 07:53:25'),
(503, 5, 'XL', 'Hijau', 92, 0, '2020-04-14 07:53:25', '2020-04-14 07:53:25'),
(506, 5, 'XS', 'Coklat', 42, 0, '2020-04-14 07:53:25', '2020-04-14 07:53:25'),
(508, 5, 'L', 'Hijau', 35, 0, '2020-04-14 07:53:25', '2020-04-14 07:53:25'),
(509, 5, 'M', 'Kuning', 58, 0, '2020-04-14 07:53:25', '2020-04-14 07:53:25'),
(510, 5, 'XL', 'Putih', 43, 0, '2020-04-14 07:53:25', '2020-04-14 07:53:25'),
(512, 5, 'XL', 'Kuning', 85, 0, '2020-04-14 07:53:25', '2020-04-14 07:53:25'),
(515, 5, 'M', 'Putih', 84, 0, '2020-04-14 07:53:25', '2020-04-14 07:53:25'),
(523, 5, 'L', 'Hitam', 43, 0, '2020-04-14 07:53:26', '2020-04-14 07:53:26'),
(525, 5, 'S', 'Putih', 93, 0, '2020-04-14 07:53:26', '2020-04-14 07:53:26'),
(530, 5, 'XS', 'Merah', 38, 0, '2020-04-14 07:53:26', '2020-04-14 07:53:26'),
(534, 5, 'M', 'Hijau', 26, 0, '2020-04-14 07:53:26', '2020-04-14 07:53:26'),
(539, 5, 'XL', 'Hitam', 64, 0, '2020-04-14 07:53:26', '2020-04-14 07:53:26'),
(541, 5, 'XS', 'Biru', 39, 0, '2020-04-14 07:53:26', '2020-04-14 07:53:26'),
(545, 5, 'S', 'Biru', 50, 0, '2020-04-14 07:53:26', '2020-04-14 07:53:26'),
(549, 5, 'XS', 'Hijau', 86, 0, '2020-04-14 07:53:26', '2020-04-14 07:53:26'),
(580, 5, 'M', 'Biru', 67, 0, '2020-04-14 07:53:28', '2020-04-14 07:53:28'),
(612, 5, 'S', 'Hijau', 73, 0, '2020-04-14 07:53:30', '2020-04-14 07:53:30'),
(623, 5, 'L', 'Biru', 74, 0, '2020-04-14 07:53:30', '2020-04-14 07:53:30'),
(685, 5, 'M', 'Merah', 15, 0, '2020-04-14 07:53:32', '2020-04-14 07:53:32'),
(686, 6, 'S', 'Coklat', 86, 0, '2020-04-14 07:53:32', '2020-04-14 07:53:32'),
(687, 6, 'XS', 'Biru', 25, 0, '2020-04-14 07:53:32', '2020-04-14 07:53:32'),
(688, 6, 'L', 'Hitam', 29, 0, '2020-04-14 07:53:32', '2020-04-14 07:53:32'),
(689, 6, 'XL', 'Putih', 96, 0, '2020-04-14 07:53:32', '2020-04-14 07:53:32'),
(690, 6, 'XS', 'Coklat', 87, 0, '2020-04-14 07:53:32', '2020-04-14 07:53:32'),
(692, 6, 'XL', 'Biru', 25, 0, '2020-04-14 07:53:32', '2020-04-14 07:53:32'),
(693, 6, 'S', 'Putih', 57, 0, '2020-04-14 07:53:32', '2020-04-14 07:53:32'),
(694, 6, 'L', 'Hijau', 50, 0, '2020-04-14 07:53:32', '2020-04-14 07:53:32'),
(695, 6, 'XL', 'Coklat', 22, 0, '2020-04-14 07:53:32', '2020-04-14 07:53:32'),
(696, 6, 'S', 'Hitam', 93, 0, '2020-04-14 07:53:32', '2020-04-14 07:53:32'),
(699, 6, 'XL', 'Kuning', 77, 0, '2020-04-14 07:53:32', '2020-04-14 07:53:32'),
(700, 6, 'XL', 'Hitam', 37, 0, '2020-04-14 07:53:32', '2020-04-14 07:53:32'),
(701, 6, 'XS', 'Merah', 30, 0, '2020-04-14 07:53:32', '2020-04-14 07:53:32'),
(702, 6, 'M', 'Hijau', 29, 0, '2020-04-14 07:53:32', '2020-04-14 07:53:32'),
(705, 6, 'L', 'Merah', 54, 0, '2020-04-14 07:53:32', '2020-04-14 07:53:32'),
(706, 6, 'M', 'Merah', 60, 0, '2020-04-14 07:53:32', '2020-04-14 07:53:32'),
(708, 6, 'L', 'Coklat', 69, 0, '2020-04-14 07:53:32', '2020-04-14 07:53:32'),
(710, 6, 'M', 'Kuning', 67, 0, '2020-04-14 07:53:32', '2020-04-14 07:53:32'),
(711, 6, 'M', 'Hitam', 98, 0, '2020-04-14 07:53:32', '2020-04-14 07:53:32'),
(712, 6, 'XS', 'Kuning', 46, 0, '2020-04-14 07:53:32', '2020-04-14 07:53:32'),
(713, 6, 'M', 'Biru', 64, 0, '2020-04-14 07:53:32', '2020-04-14 07:53:32'),
(714, 6, 'XL', 'Hijau', 31, 0, '2020-04-14 07:53:33', '2020-04-14 07:53:33'),
(715, 6, 'L', 'Kuning', 81, 0, '2020-04-14 07:53:33', '2020-04-14 07:53:33'),
(716, 6, 'M', 'Coklat', 16, 0, '2020-04-14 07:53:33', '2020-04-14 07:53:33'),
(718, 6, 'S', 'Hijau', 21, 0, '2020-04-14 07:53:33', '2020-04-14 07:53:33'),
(719, 6, 'S', 'Merah', 82, 0, '2020-04-14 07:53:33', '2020-04-14 07:53:33'),
(725, 6, 'M', 'Putih', 50, 0, '2020-04-14 07:53:33', '2020-04-14 07:53:33'),
(732, 6, 'XS', 'Putih', 77, 0, '2020-04-14 07:53:33', '2020-04-14 07:53:33'),
(738, 6, 'XS', 'Hijau', 46, 0, '2020-04-14 07:53:33', '2020-04-14 07:53:33'),
(765, 6, 'S', 'Kuning', 49, 0, '2020-04-14 07:53:34', '2020-04-14 07:53:34'),
(769, 6, 'XL', 'Merah', 28, 0, '2020-04-14 07:53:34', '2020-04-14 07:53:34'),
(781, 6, 'XS', 'Hitam', 35, 0, '2020-04-14 07:53:34', '2020-04-14 07:53:34'),
(799, 6, 'L', 'Putih', 19, 0, '2020-04-14 07:53:35', '2020-04-14 07:53:35'),
(804, 6, 'L', 'Biru', 19, 0, '2020-04-14 07:53:35', '2020-04-14 07:53:35'),
(807, 6, 'S', 'Biru', 22, 0, '2020-04-14 07:53:35', '2020-04-14 07:53:35'),
(808, 7, 'XS', 'Kuning', 42, 0, '2020-04-14 07:53:35', '2020-04-14 07:53:35'),
(809, 7, 'S', 'Biru', 90, 0, '2020-04-14 07:53:35', '2020-04-14 07:53:35'),
(810, 7, 'XL', 'Hitam', 56, 0, '2020-04-14 07:53:35', '2020-04-14 07:53:35'),
(811, 7, 'S', 'Coklat', 40, 0, '2020-04-14 07:53:35', '2020-04-14 07:53:35'),
(813, 7, 'L', 'Hitam', 49, 0, '2020-04-14 07:53:35', '2020-04-14 07:53:35'),
(814, 7, 'L', 'Merah', 16, 0, '2020-04-14 07:53:35', '2020-04-14 07:53:35'),
(815, 7, 'XS', 'Merah', 54, 0, '2020-04-14 07:53:35', '2020-04-14 07:53:35'),
(816, 7, 'XL', 'Biru', 19, 0, '2020-04-14 07:53:35', '2020-04-14 07:53:35'),
(817, 7, 'S', 'Merah', 94, 0, '2020-04-14 07:53:35', '2020-04-14 07:53:35'),
(818, 7, 'XL', 'Coklat', 15, 0, '2020-04-14 07:53:35', '2020-04-14 07:53:35'),
(820, 7, 'XS', 'Biru', 31, 0, '2020-04-14 07:53:35', '2020-04-14 07:53:35'),
(821, 7, 'XL', 'Hijau', 39, 0, '2020-04-14 07:53:35', '2020-04-14 07:53:35'),
(822, 7, 'L', 'Biru', 30, 0, '2020-04-14 07:53:35', '2020-04-14 07:53:35'),
(823, 7, 'M', 'Kuning', 67, 0, '2020-04-14 07:53:35', '2020-04-14 07:53:35'),
(824, 7, 'M', 'Biru', 98, 0, '2020-04-14 07:53:35', '2020-04-14 07:53:35'),
(826, 7, 'XS', 'Putih', 35, 0, '2020-04-14 07:53:35', '2020-04-14 07:53:35'),
(829, 7, 'XL', 'Merah', 31, 0, '2020-04-14 07:53:35', '2020-04-14 07:53:35'),
(831, 7, 'L', 'Putih', 94, 0, '2020-04-14 07:53:35', '2020-04-14 07:53:35'),
(834, 7, 'L', 'Hijau', 94, 0, '2020-04-14 07:53:35', '2020-04-14 07:53:35'),
(836, 7, 'L', 'Coklat', 33, 0, '2020-04-14 07:53:35', '2020-04-14 07:53:35'),
(837, 7, 'L', 'Kuning', 57, 0, '2020-04-14 07:53:35', '2020-04-14 07:53:35'),
(839, 7, 'XL', 'Putih', 42, 0, '2020-04-14 07:53:35', '2020-04-14 07:53:35'),
(840, 7, 'S', 'Hijau', 19, 0, '2020-04-14 07:53:35', '2020-04-14 07:53:35'),
(842, 7, 'XS', 'Coklat', 58, 0, '2020-04-14 07:53:35', '2020-04-14 07:53:35'),
(849, 7, 'XS', 'Hijau', 45, 0, '2020-04-14 07:53:35', '2020-04-14 07:53:35'),
(850, 7, 'M', 'Hitam', 76, 0, '2020-04-14 07:53:35', '2020-04-14 07:53:35'),
(855, 7, 'M', 'Hijau', 32, 0, '2020-04-14 07:53:36', '2020-04-14 07:53:36'),
(858, 7, 'S', 'Kuning', 86, 0, '2020-04-14 07:53:36', '2020-04-14 07:53:36'),
(868, 7, 'M', 'Putih', 22, 0, '2020-04-14 07:53:36', '2020-04-14 07:53:36'),
(869, 7, 'XS', 'Hitam', 81, 0, '2020-04-14 07:53:36', '2020-04-14 07:53:36'),
(875, 7, 'XL', 'Kuning', 91, 0, '2020-04-14 07:53:36', '2020-04-14 07:53:36'),
(879, 7, 'S', 'Hitam', 66, 0, '2020-04-14 07:53:36', '2020-04-14 07:53:36'),
(880, 7, 'M', 'Coklat', 25, 0, '2020-04-14 07:53:36', '2020-04-14 07:53:36'),
(888, 7, 'S', 'Putih', 98, 0, '2020-04-14 07:53:36', '2020-04-14 07:53:36'),
(889, 7, 'M', 'Merah', 57, 0, '2020-04-14 07:53:37', '2020-04-14 07:53:37'),
(890, 8, 'S', 'Merah', 84, 0, '2020-04-14 07:53:37', '2020-04-14 07:53:37'),
(891, 8, 'S', 'Hitam', 85, 0, '2020-04-14 07:53:37', '2020-04-14 07:53:37'),
(892, 8, 'XS', 'Biru', 41, 0, '2020-04-14 07:53:37', '2020-04-14 07:53:37'),
(893, 8, 'XS', 'Hitam', 26, 0, '2020-04-14 07:53:37', '2020-04-14 07:53:37'),
(894, 8, 'L', 'Kuning', 78, 0, '2020-04-14 07:53:37', '2020-04-14 07:53:37'),
(896, 8, 'XL', 'Hijau', 57, 0, '2020-04-14 07:53:37', '2020-04-14 07:53:37'),
(897, 8, 'L', 'Coklat', 93, 0, '2020-04-14 07:53:37', '2020-04-14 07:53:37'),
(898, 8, 'XS', 'Hijau', 70, 0, '2020-04-14 07:53:37', '2020-04-14 07:53:37'),
(899, 8, 'S', 'Biru', 65, 0, '2020-04-14 07:53:37', '2020-04-14 07:53:37'),
(900, 8, 'M', 'Kuning', 47, 0, '2020-04-14 07:53:37', '2020-04-14 07:53:37'),
(901, 8, 'XL', 'Hitam', 30, 0, '2020-04-14 07:53:37', '2020-04-14 07:53:37'),
(902, 8, 'XL', 'Kuning', 37, 0, '2020-04-14 07:53:37', '2020-04-14 07:53:37'),
(903, 8, 'XS', 'Merah', 57, 0, '2020-04-14 07:53:37', '2020-04-14 07:53:37'),
(904, 8, 'M', 'Hijau', 86, 0, '2020-04-14 07:53:37', '2020-04-14 07:53:37'),
(905, 8, 'S', 'Putih', 23, 0, '2020-04-14 07:53:37', '2020-04-14 07:53:37'),
(909, 8, 'L', 'Biru', 64, 0, '2020-04-14 07:53:37', '2020-04-14 07:53:37'),
(910, 8, 'L', 'Hijau', 60, 0, '2020-04-14 07:53:37', '2020-04-14 07:53:37'),
(911, 8, 'XS', 'Coklat', 100, 0, '2020-04-14 07:53:37', '2020-04-14 07:53:37'),
(913, 8, 'S', 'Hijau', 52, 0, '2020-04-14 07:53:37', '2020-04-14 07:53:37'),
(914, 8, 'L', 'Putih', 15, 0, '2020-04-14 07:53:37', '2020-04-14 07:53:37'),
(917, 8, 'L', 'Hitam', 53, 0, '2020-04-14 07:53:37', '2020-04-14 07:53:37'),
(919, 8, 'XL', 'Merah', 32, 0, '2020-04-14 07:53:38', '2020-04-14 07:53:38'),
(921, 8, 'M', 'Coklat', 12, 0, '2020-04-14 07:53:38', '2020-04-14 07:53:38'),
(923, 8, 'XL', 'Biru', 72, 0, '2020-04-14 07:53:38', '2020-04-14 07:53:38'),
(925, 8, 'S', 'Kuning', 46, 0, '2020-04-14 07:53:38', '2020-04-14 07:53:38'),
(926, 8, 'XL', 'Putih', 11, 0, '2020-04-14 07:53:38', '2020-04-14 07:53:38'),
(927, 8, 'M', 'Merah', 23, 0, '2020-04-14 07:53:38', '2020-04-14 07:53:38'),
(928, 8, 'M', 'Hitam', 34, 0, '2020-04-14 07:53:38', '2020-04-14 07:53:38'),
(930, 8, 'XS', 'Kuning', 55, 0, '2020-04-14 07:53:38', '2020-04-14 07:53:38'),
(931, 8, 'L', 'Merah', 96, 0, '2020-04-14 07:53:38', '2020-04-14 07:53:38'),
(934, 8, 'M', 'Biru', 84, 0, '2020-04-14 07:53:38', '2020-04-14 07:53:38'),
(939, 8, 'S', 'Coklat', 93, 0, '2020-04-14 07:53:38', '2020-04-14 07:53:38'),
(954, 8, 'XS', 'Putih', 50, 0, '2020-04-14 07:53:38', '2020-04-14 07:53:38'),
(992, 8, 'XL', 'Coklat', 25, 0, '2020-04-14 07:53:40', '2020-04-14 07:53:40'),
(1035, 8, 'M', 'Putih', 75, 0, '2020-04-14 07:53:41', '2020-04-14 07:53:41'),
(1036, 9, 'L', 'Merah', 18, 0, '2020-04-14 07:53:41', '2020-04-14 07:53:41'),
(1038, 9, 'XL', 'Kuning', 66, 0, '2020-04-14 07:53:41', '2020-04-14 07:53:41'),
(1039, 9, 'XL', 'Biru', 50, 0, '2020-04-14 07:53:41', '2020-04-14 07:53:41'),
(1040, 9, 'S', 'Coklat', 35, 0, '2020-04-14 07:53:41', '2020-04-14 07:53:41'),
(1041, 9, 'XL', 'Putih', 78, 0, '2020-04-14 07:53:41', '2020-04-14 07:53:41'),
(1044, 9, 'XS', 'Hitam', 55, 0, '2020-04-14 07:53:41', '2020-04-14 07:53:41'),
(1047, 9, 'S', 'Hijau', 72, 0, '2020-04-14 07:53:41', '2020-04-14 07:53:41'),
(1048, 9, 'XL', 'Hijau', 10, 0, '2020-04-14 07:53:41', '2020-04-14 07:53:41'),
(1049, 9, 'XL', 'Coklat', 50, 0, '2020-04-14 07:53:41', '2020-04-14 07:53:41'),
(1050, 9, 'XS', 'Putih', 29, 0, '2020-04-14 07:53:41', '2020-04-14 07:53:41'),
(1053, 9, 'XL', 'Hitam', 40, 0, '2020-04-14 07:53:41', '2020-04-14 07:53:41'),
(1054, 9, 'S', 'Merah', 52, 0, '2020-04-14 07:53:42', '2020-04-14 07:53:42'),
(1057, 9, 'M', 'Coklat', 33, 0, '2020-04-14 07:53:42', '2020-04-14 07:53:42'),
(1058, 9, 'M', 'Kuning', 63, 0, '2020-04-14 07:53:42', '2020-04-14 07:53:42'),
(1059, 9, 'XS', 'Kuning', 13, 0, '2020-04-14 07:53:42', '2020-04-14 07:53:42'),
(1060, 9, 'XS', 'Merah', 75, 0, '2020-04-14 07:53:42', '2020-04-14 07:53:42'),
(1061, 9, 'XL', 'Merah', 11, 0, '2020-04-14 07:53:42', '2020-04-14 07:53:42'),
(1062, 9, 'L', 'Putih', 72, 0, '2020-04-14 07:53:42', '2020-04-14 07:53:42'),
(1067, 9, 'S', 'Kuning', 45, 0, '2020-04-14 07:53:42', '2020-04-14 07:53:42'),
(1068, 9, 'M', 'Merah', 54, 0, '2020-04-14 07:53:42', '2020-04-14 07:53:42'),
(1070, 9, 'L', 'Coklat', 80, 0, '2020-04-14 07:53:42', '2020-04-14 07:53:42'),
(1074, 9, 'S', 'Hitam', 20, 0, '2020-04-14 07:53:42', '2020-04-14 07:53:42'),
(1075, 9, 'M', 'Hijau', 28, 0, '2020-04-14 07:53:42', '2020-04-14 07:53:42'),
(1077, 9, 'M', 'Biru', 52, 0, '2020-04-14 07:53:42', '2020-04-14 07:53:42'),
(1079, 9, 'XS', 'Biru', 57, 0, '2020-04-14 07:53:42', '2020-04-14 07:53:42'),
(1080, 9, 'L', 'Kuning', 91, 0, '2020-04-14 07:53:42', '2020-04-14 07:53:42'),
(1081, 9, 'L', 'Biru', 70, 0, '2020-04-14 07:53:42', '2020-04-14 07:53:42'),
(1082, 9, 'L', 'Hitam', 40, 0, '2020-04-14 07:53:42', '2020-04-14 07:53:42'),
(1083, 9, 'S', 'Putih', 65, 0, '2020-04-14 07:53:42', '2020-04-14 07:53:42'),
(1092, 9, 'S', 'Biru', 29, 0, '2020-04-14 07:53:42', '2020-04-14 07:53:42'),
(1100, 9, 'L', 'Hijau', 20, 0, '2020-04-14 07:53:43', '2020-04-14 07:53:43'),
(1105, 9, 'XS', 'Hijau', 15, 0, '2020-04-14 07:53:43', '2020-04-14 07:53:43'),
(1114, 9, 'M', 'Hitam', 17, 0, '2020-04-14 07:53:43', '2020-04-14 07:53:43'),
(1117, 9, 'M', 'Putih', 21, 0, '2020-04-14 07:53:43', '2020-04-14 07:53:43'),
(1139, 9, 'XS', 'Coklat', 10, 0, '2020-04-14 07:53:43', '2020-04-14 07:53:43'),
(1140, 10, 'M', 'Coklat', 32, 0, '2020-04-14 07:53:43', '2020-04-14 07:53:43'),
(1141, 10, 'M', 'Biru', 96, 0, '2020-04-14 07:53:43', '2020-04-14 07:53:43'),
(1142, 10, 'XS', 'Kuning', 91, 0, '2020-04-14 07:53:43', '2020-04-14 07:53:43'),
(1143, 10, 'XS', 'Coklat', 40, 0, '2020-04-14 07:53:43', '2020-04-14 07:53:43'),
(1144, 10, 'XL', 'Coklat', 42, 0, '2020-04-14 07:53:43', '2020-04-14 07:53:43'),
(1146, 10, 'M', 'Putih', 64, 0, '2020-04-14 07:53:44', '2020-04-14 07:53:44'),
(1148, 10, 'XS', 'Hijau', 75, 0, '2020-04-14 07:53:44', '2020-04-14 07:53:44'),
(1149, 10, 'M', 'Kuning', 81, 0, '2020-04-14 07:53:44', '2020-04-14 07:53:44'),
(1150, 10, 'L', 'Kuning', 27, 0, '2020-04-14 07:53:44', '2020-04-14 07:53:44'),
(1153, 10, 'S', 'Putih', 80, 0, '2020-04-14 07:53:44', '2020-04-14 07:53:44'),
(1154, 10, 'S', 'Merah', 94, 0, '2020-04-14 07:53:44', '2020-04-14 07:53:44'),
(1155, 10, 'XL', 'Hijau', 80, 0, '2020-04-14 07:53:44', '2020-04-14 07:53:44'),
(1157, 10, 'M', 'Merah', 24, 0, '2020-04-14 07:53:44', '2020-04-14 07:53:44'),
(1158, 10, 'S', 'Biru', 58, 0, '2020-04-14 07:53:44', '2020-04-14 07:53:44'),
(1161, 10, 'XS', 'Putih', 15, 0, '2020-04-14 07:53:44', '2020-04-14 07:53:44'),
(1165, 10, 'S', 'Kuning', 11, 0, '2020-04-14 07:53:44', '2020-04-14 07:53:44'),
(1167, 10, 'S', 'Coklat', 86, 0, '2020-04-14 07:53:44', '2020-04-14 07:53:44'),
(1169, 10, 'XL', 'Hitam', 83, 0, '2020-04-14 07:53:44', '2020-04-14 07:53:44'),
(1171, 10, 'L', 'Merah', 59, 0, '2020-04-14 07:53:44', '2020-04-14 07:53:44'),
(1174, 10, 'L', 'Biru', 17, 0, '2020-04-14 07:53:44', '2020-04-14 07:53:44'),
(1175, 10, 'XS', 'Merah', 13, 0, '2020-04-14 07:53:44', '2020-04-14 07:53:44'),
(1177, 10, 'L', 'Hijau', 71, 0, '2020-04-14 07:53:44', '2020-04-14 07:53:44'),
(1179, 10, 'XL', 'Merah', 65, 0, '2020-04-14 07:53:44', '2020-04-14 07:53:44'),
(1180, 10, 'S', 'Hijau', 36, 0, '2020-04-14 07:53:44', '2020-04-14 07:53:44'),
(1181, 10, 'XL', 'Kuning', 48, 0, '2020-04-14 07:53:44', '2020-04-14 07:53:44'),
(1182, 10, 'XS', 'Hitam', 36, 0, '2020-04-14 07:53:44', '2020-04-14 07:53:44'),
(1186, 10, 'L', 'Hitam', 62, 0, '2020-04-14 07:53:44', '2020-04-14 07:53:44'),
(1188, 10, 'XS', 'Biru', 98, 0, '2020-04-14 07:53:44', '2020-04-14 07:53:44'),
(1190, 10, 'XL', 'Putih', 27, 0, '2020-04-14 07:53:45', '2020-04-14 07:53:45'),
(1191, 10, 'L', 'Coklat', 46, 0, '2020-04-14 07:53:45', '2020-04-14 07:53:45'),
(1194, 10, 'M', 'Hijau', 44, 0, '2020-04-14 07:53:45', '2020-04-14 07:53:45'),
(1203, 10, 'M', 'Hitam', 60, 0, '2020-04-14 07:53:45', '2020-04-14 07:53:45'),
(1222, 10, 'XL', 'Biru', 67, 0, '2020-04-14 07:53:46', '2020-04-14 07:53:46'),
(1224, 10, 'S', 'Hitam', 91, 0, '2020-04-14 07:53:46', '2020-04-14 07:53:46'),
(1284, 10, 'L', 'Putih', 43, 0, '2020-04-14 07:53:47', '2020-04-14 07:53:47');

-- --------------------------------------------------------

--
-- Table structure for table `migrations`
--

CREATE TABLE `migrations` (
  `id` int(10) UNSIGNED NOT NULL,
  `migration` varchar(255) COLLATE utf8mb4_unicode_ci NOT NULL,
  `batch` int(11) NOT NULL
) ENGINE=InnoDB DEFAULT CHARSET=utf8mb4 COLLATE=utf8mb4_unicode_ci;

--
-- Dumping data for table `migrations`
--

INSERT INTO `migrations` (`id`, `migration`, `batch`) VALUES
(1, '2014_10_12_000000_create_users_table', 1),
(2, '2019_11_29_085032_create_customers_table', 1),
(3, '2019_11_29_085940_create_products_table', 1),
(4, '2019_11_29_090111_create_inventories_table', 1),
(5, '2019_11_29_091355_create_purchases_table', 1),
(6, '2019_11_29_092231_create_purchase_details_table', 1),
(7, '2019_12_17_095313_alter_customers_table_add_province_id_and_city_id', 1),
(8, '2019_12_17_114107_alter_customers_table_add_province_name_and_city_name', 1),
(9, '2019_12_19_014915_create_counters_table', 1),
(10, '2019_12_25_030140_alter_inventories_table_add_hold_qty', 1);

-- --------------------------------------------------------

--
-- Table structure for table `products`
--

CREATE TABLE `products` (
  `id` bigint(20) UNSIGNED NOT NULL,
  `name` varchar(255) COLLATE utf8mb4_unicode_ci NOT NULL,
  `code` varchar(255) COLLATE utf8mb4_unicode_ci NOT NULL,
  `price` bigint(20) NOT NULL,
  `category` varchar(255) COLLATE utf8mb4_unicode_ci NOT NULL,
  `created_at` timestamp NULL DEFAULT NULL,
  `updated_at` timestamp NULL DEFAULT NULL
) ENGINE=InnoDB DEFAULT CHARSET=utf8mb4 COLLATE=utf8mb4_unicode_ci;

--
-- Dumping data for table `products`
--

INSERT INTO `products` (`id`, `name`, `code`, `price`, `category`, `created_at`, `updated_at`) VALUES
(1, 'Laudantium', 'I-788', 485418, 'Hijab', '2020-04-14 07:53:08', '2020-04-14 07:53:08'),
(2, 'Mollitia', 'D-71', 471415, 'Rok', '2020-04-14 07:53:08', '2020-04-14 07:53:08'),
(3, 'Molestiae', 'U-499', 779857, 'Blus', '2020-04-14 07:53:08', '2020-04-14 07:53:08'),
(4, 'Cum', 'X-463', 596092, 'Hijab', '2020-04-14 07:53:08', '2020-04-14 07:53:08'),
(5, 'Modi', 'E-130', 589888, 'Blus', '2020-04-14 07:53:08', '2020-04-14 07:53:08'),
(6, 'Ipsam', 'P-79', 570035, 'Hijab', '2020-04-14 07:53:08', '2020-04-14 07:53:08'),
(7, 'Perferendis', 'D-851', 131712, 'Gamis', '2020-04-14 07:53:08', '2020-04-14 07:53:08'),
(8, 'Adipisci', 'S-435', 339914, 'Rompi', '2020-04-14 07:53:08', '2020-04-14 07:53:08'),
(9, 'Ab', 'S-748', 248083, 'Rompi', '2020-04-14 07:53:08', '2020-04-14 07:53:08'),
(10, 'Reprehenderit', 'E-917', 298883, 'Gamis', '2020-04-14 07:53:08', '2020-04-14 07:53:08');

-- --------------------------------------------------------

--
-- Table structure for table `purchases`
--

CREATE TABLE `purchases` (
  `id` bigint(20) UNSIGNED NOT NULL,
  `customer_id` bigint(20) UNSIGNED NOT NULL,
  `sales_id` bigint(20) UNSIGNED NOT NULL,
  `purchase_no` varchar(255) COLLATE utf8mb4_unicode_ci NOT NULL,
  `courier_name` varchar(255) COLLATE utf8mb4_unicode_ci DEFAULT NULL,
  `courier_service_name` varchar(255) COLLATE utf8mb4_unicode_ci DEFAULT NULL,
  `courier_fee` int(11) DEFAULT NULL,
  `discount` int(11) NOT NULL,
  `status` varchar(255) COLLATE utf8mb4_unicode_ci NOT NULL,
  `weight` int(11) DEFAULT NULL,
  `total` bigint(20) NOT NULL,
  `created_at` timestamp NULL DEFAULT NULL,
  `updated_at` timestamp NULL DEFAULT NULL
) ENGINE=InnoDB DEFAULT CHARSET=utf8mb4 COLLATE=utf8mb4_unicode_ci;

--
-- Dumping data for table `purchases`
--

INSERT INTO `purchases` (`id`, `customer_id`, `sales_id`, `purchase_no`, `courier_name`, `courier_service_name`, `courier_fee`, `discount`, `status`, `weight`, `total`, `created_at`, `updated_at`) VALUES
(1, 2, 1, 'SO00289390', 'POS', 'Paket Kilat Khusus', 33000, 30, 'FINISH', 1, 10463473, '2019-10-25 21:08:06', '2020-04-14 07:57:26'),
(2, 9, 2, 'SO00529096', 'JNE', 'REG', 20000, 30, 'FINISH', 1, 6288935, '2019-06-29 18:35:51', '2020-04-14 07:57:26'),
(3, 3, 2, 'SO00380957', 'TIKI', 'ECO', 34000, 40, 'FINISH', 1, 8072116, '2019-09-20 22:07:33', '2020-04-14 07:57:27'),
(4, 2, 1, 'SO00129440', 'TIKI', 'REG', 44000, 30, 'FINISH', 1, 3549856, '2019-09-19 15:27:54', '2020-04-14 07:57:27'),
(5, 3, 2, 'SO00837553', 'JNE', 'YES', 62000, 40, 'FINISH', 1, 4728211, '2019-07-06 21:54:41', '2020-04-14 07:57:27'),
(6, 10, 2, 'SO00765054', 'TIKI', 'ECO', 51000, 30, 'FINISH', 1, 11300966, '2019-07-22 01:49:31', '2020-04-14 07:57:27'),
(7, 4, 2, 'SO00584220', 'TIKI', 'ONS', 45000, 30, 'FINISH', 1, 5853053, '2020-01-02 22:37:20', '2020-04-14 07:57:27'),
(8, 9, 1, 'SO00661967', 'POS', 'Express Next Day Barang', 18000, 30, 'FINISH', 1, 3955985, '2020-02-13 21:01:17', '2020-04-14 07:57:27'),
(9, 5, 1, 'SO00374881', 'TIKI', 'ECO', 8000, 40, 'FINISH', 1, 7197807, '2019-08-20 18:38:34', '2020-04-14 07:57:27'),
(10, 11, 1, 'SO00188482', 'POS', 'Paket Kilat Khusus', 68000, 40, 'FINISH', 1, 3717086, '2019-10-23 21:23:47', '2020-04-14 07:57:27'),
(11, 10, 2, 'SO00475198', 'JNE', 'REG', 44000, 30, 'FINISH', 1, 5145255, '2019-07-03 08:45:04', '2020-04-14 07:57:27'),
(12, 3, 2, 'SO00665883', 'POS', 'Express Next Day Barang', 66000, 40, 'FINISH', 1, 5153083, '2020-03-23 03:52:03', '2020-04-14 07:57:27'),
(13, 7, 1, 'SO00194155', 'POS', 'Paket Kilat Khusus', 50000, 30, 'FINISH', 1, 13470044, '2019-05-21 15:56:51', '2020-04-14 07:57:27'),
(14, 5, 2, 'SO00497787', 'JNE', 'CTCYES', 10000, 40, 'FINISH', 1, 5636326, '2020-01-10 21:56:05', '2020-04-14 07:57:27'),
(15, 11, 2, 'SO00129061', 'JNE', 'OKE', 67000, 40, 'FINISH', 1, 9535397, '2019-11-06 20:31:47', '2020-04-14 07:57:28'),
(16, 9, 2, 'SO00617179', 'POS', 'Paket Kilat Khusus', 15000, 30, 'FINISH', 1, 6065403, '2020-01-14 00:04:39', '2020-04-14 07:57:28'),
(17, 5, 2, 'SO00300589', 'TIKI', 'ECO', 8000, 40, 'FINISH', 1, 2032008, '2020-01-15 00:17:26', '2020-04-14 07:57:28'),
(18, 3, 2, 'SO00183049', 'POS', 'Paket Kilat Khusus', 37000, 40, 'FINISH', 1, 10973716, '2019-10-20 11:25:06', '2020-04-14 07:57:28'),
(19, 10, 2, 'SO00763557', 'TIKI', 'ECO', 51000, 30, 'FINISH', 1, 7175447, '2019-06-25 19:30:27', '2020-04-14 07:57:28'),
(20, 7, 1, 'SO00852728', 'JNE', 'OKE', 49000, 30, 'FINISH', 1, 4578928, '2019-10-26 00:56:45', '2020-04-14 07:57:28'),
(21, 11, 2, 'SO00156363', 'POS', 'Paket Kilat Khusus', 68000, 40, 'FINISH', 1, 11829360, '2019-12-13 22:58:24', '2020-04-14 07:57:28'),
(22, 4, 2, 'SO00668571', 'POS', 'Express Next Day Barang', 80500, 30, 'FINISH', 1, 7725046, '2019-10-15 13:53:21', '2020-04-14 07:57:29'),
(23, 11, 1, 'SO00451476', 'POS', 'Paket Kilat Khusus', 68000, 40, 'FINISH', 1, 4371738, '2019-12-13 12:42:15', '2020-04-14 07:57:29'),
(24, 8, 1, 'SO00426869', 'JNE', 'REG', 43000, 30, 'FINISH', 1, 6430131, '2019-06-05 14:05:52', '2020-04-14 07:57:29'),
(25, 4, 2, 'SO00834011', 'POS', 'Express Next Day Barang', 80500, 30, 'FINISH', 1, 9393292, '2019-08-12 11:18:46', '2020-04-14 07:57:29'),
(26, 4, 2, 'SO00100152', 'POS', 'Paket Kilat Khusus', 39000, 30, 'FINISH', 1, 2254589, '2019-08-29 17:26:23', '2020-04-14 07:57:29'),
(27, 2, 1, 'SO00851452', 'POS', 'Paket Kilat Khusus', 33000, 30, 'FINISH', 1, 7125924, '2019-08-11 23:20:24', '2020-04-14 07:57:29'),
(28, 5, 1, 'SO00771118', 'TIKI', 'REG', 9000, 40, 'FINISH', 1, 6370730, '2019-12-26 23:36:23', '2020-04-14 07:57:30'),
(29, 10, 1, 'SO00684714', 'TIKI', 'REG', 55000, 30, 'FINISH', 1, 5772563, '2020-03-04 03:07:38', '2020-04-14 07:57:30'),
(30, 2, 2, 'SO00815137', 'POS', 'Paket Kilat Khusus', 33000, 30, 'FINISH', 1, 7775614, '2019-07-30 08:01:41', '2020-04-14 07:57:30'),
(31, 5, 2, 'SO00910868', 'TIKI', 'ONS', 12000, 40, 'FINISH', 1, 7043601, '2020-02-25 10:35:38', '2020-04-14 07:57:30'),
(32, 11, 2, 'SO00861644', 'TIKI', '-', 0, 40, 'FINISH', 1, 4118776, '2020-04-05 21:17:05', '2020-04-14 07:57:30'),
(33, 10, 1, 'SO00434084', 'POS', 'Paket Kilat Khusus', 45500, 30, 'FINISH', 1, 9117225, '2019-06-12 02:23:27', '2020-04-14 07:57:30'),
(34, 7, 1, 'SO00368900', 'JNE', 'OKE', 49000, 30, 'FINISH', 1, 13781496, '2020-01-12 10:30:54', '2020-04-14 07:57:30'),
(35, 9, 2, 'SO00977478', 'TIKI', 'ECO', 15000, 30, 'FINISH', 1, 7155557, '2019-05-13 00:05:16', '2020-04-14 07:57:30'),
(36, 3, 1, 'SO00665986', 'POS', 'Paket Kilat Khusus', 37000, 40, 'FINISH', 1, 10069436, '2020-04-11 21:04:42', '2020-04-14 07:57:30'),
(37, 6, 1, 'SO00720037', 'JNE', 'OKE', 16000, 40, 'FINISH', 1, 4779993, '2019-05-05 23:44:17', '2020-04-14 07:57:31'),
(38, 5, 1, 'SO00764919', 'POS', 'Paket Kilat Khusus', 7000, 40, 'FINISH', 1, 9381549, '2020-01-14 16:09:25', '2020-04-14 07:57:31'),
(39, 3, 1, 'SO00844218', 'JNE', 'REG', 38000, 40, 'FINISH', 1, 7696673, '2019-12-15 15:05:20', '2020-04-14 07:57:31'),
(40, 2, 2, 'SO00560356', 'POS', 'Paket Kilat Khusus', 33000, 30, 'FINISH', 1, 5347879, '2020-03-24 10:09:27', '2020-04-14 07:57:31'),
(41, 5, 1, 'SO00753515', 'TIKI', 'ECO', 8000, 40, 'FINISH', 1, 4121643, '2019-11-08 08:09:04', '2020-04-14 07:57:31'),
(42, 1, 1, 'SO00448178', 'POS', 'Paket Kilat Khusus', 7000, 40, 'FINISH', 1, 7564325, '2019-06-01 08:00:52', '2020-04-14 07:57:31'),
(43, 8, 1, 'SO00743913', 'POS', 'Paket Kilat Khusus', 43000, 30, 'FINISH', 1, 7272677, '2019-05-31 12:42:14', '2020-04-14 07:57:31'),
(44, 8, 2, 'SO00300671', 'POS', 'Paket Kilat Khusus', 43000, 30, 'FINISH', 1, 11161550, '2020-03-25 21:21:09', '2020-04-14 07:57:32'),
(45, 7, 2, 'SO00173313', 'POS', 'Paket Kilat Khusus', 50000, 30, 'FINISH', 1, 6929424, '2019-06-07 23:49:53', '2020-04-14 07:57:32'),
(46, 10, 1, 'SO00578607', 'POS', 'Paket Kilat Khusus', 45500, 30, 'FINISH', 1, 12200204, '2019-07-13 18:03:34', '2020-04-14 07:57:32'),
(47, 1, 1, 'SO00368493', 'POS', 'Express Next Day Barang', 10000, 40, 'FINISH', 1, 9579912, '2019-11-05 13:43:56', '2020-04-14 07:57:32'),
(48, 5, 1, 'SO00402193', 'JNE', 'CTCYES', 10000, 40, 'FINISH', 1, 9643202, '2020-01-26 15:01:16', '2020-04-14 07:57:32'),
(49, 6, 1, 'SO00751931', 'JNE', 'OKE', 16000, 40, 'FINISH', 1, 7465705, '2019-09-06 02:39:08', '2020-04-14 07:57:32'),
(50, 3, 1, 'SO00461079', 'JNE', 'OKE', 35000, 40, 'FINISH', 1, 8177164, '2019-09-14 21:08:55', '2020-04-14 07:57:32'),
(51, 10, 1, 'SO00804036', 'TIKI', 'ECO', 51000, 30, 'FINISH', 1, 9494044, '2019-11-02 22:51:35', '2020-04-14 07:57:32'),
(52, 11, 1, 'SO00750241', 'TIKI', '-', 0, 40, 'FINISH', 1, 7488514, '2019-07-06 18:08:57', '2020-04-14 07:57:33'),
(53, 9, 2, 'SO00877505', 'JNE', 'REG', 20000, 30, 'FINISH', 1, 7285040, '2019-10-21 09:31:32', '2020-04-14 07:57:33'),
(54, 10, 2, 'SO00660142', 'JNE', 'REG', 44000, 30, 'FINISH', 1, 5631143, '2019-05-19 13:15:51', '2020-04-14 07:57:33'),
(55, 3, 2, 'SO00426346', 'JNE', 'REG', 38000, 40, 'FINISH', 1, 5518278, '2020-03-21 05:48:05', '2020-04-14 07:57:33'),
(56, 7, 2, 'SO00778876', 'JNE', 'REG', 53000, 30, 'FINISH', 1, 7670090, '2019-05-13 03:07:56', '2020-04-14 07:57:33'),
(57, 5, 1, 'SO00782719', 'POS', 'Express Next Day Barang', 10000, 40, 'FINISH', 1, 9649354, '2019-12-06 12:43:18', '2020-04-14 07:57:33'),
(58, 5, 2, 'SO00183527', 'POS', 'Paket Kilat Khusus', 7000, 40, 'FINISH', 1, 3168669, '2019-08-15 23:32:59', '2020-04-14 07:57:33'),
(59, 1, 1, 'SO00464001', 'JNE', 'CTCYES', 10000, 40, 'FINISH', 1, 8629937, '2019-05-02 20:35:58', '2020-04-14 07:57:33'),
(60, 11, 2, 'SO00475303', 'JNE', 'OKE', 67000, 40, 'FINISH', 1, 9366890, '2020-03-20 03:06:51', '2020-04-14 07:57:33'),
(61, 4, 2, 'SO00805933', 'TIKI', 'ONS', 45000, 30, 'FINISH', 1, 3860742, '2019-08-15 22:03:31', '2020-04-14 07:57:33'),
(62, 1, 1, 'SO00128034', 'POS', 'Paket Kilat Khusus', 7000, 40, 'FINISH', 1, 4492089, '2019-08-21 17:34:38', '2020-04-14 07:57:33'),
(63, 9, 2, 'SO00194399', 'JNE', 'OKE', 16000, 30, 'FINISH', 1, 10617348, '2019-06-28 06:39:50', '2020-04-14 07:57:33'),
(64, 3, 1, 'SO00629591', 'TIKI', 'ONS', 58000, 40, 'FINISH', 1, 4300033, '2019-09-17 18:47:33', '2020-04-14 07:57:34'),
(65, 6, 1, 'SO00720958', 'JNE', 'REG', 20000, 40, 'FINISH', 1, 3359762, '2019-06-04 03:59:36', '2020-04-14 07:57:34'),
(66, 9, 2, 'SO00748369', 'JNE', 'OKE', 16000, 30, 'FINISH', 1, 9624867, '2019-07-22 18:05:06', '2020-04-14 07:57:34'),
(67, 9, 1, 'SO00564044', 'TIKI', 'ECO', 15000, 30, 'FINISH', 1, 10538060, '2020-02-06 06:43:39', '2020-04-14 07:57:34'),
(68, 10, 1, 'SO00109435', 'POS', 'Paket Kilat Khusus', 45500, 30, 'FINISH', 1, 3833772, '2019-11-08 02:55:57', '2020-04-14 07:57:34'),
(69, 7, 1, 'SO00257332', 'JNE', 'REG', 53000, 30, 'FINISH', 1, 7418570, '2019-09-17 11:02:00', '2020-04-14 07:57:34'),
(70, 1, 2, 'SO00532365', 'TIKI', 'ONS', 9000, 40, 'FINISH', 1, 6677292, '2019-05-05 04:50:04', '2020-04-14 07:57:34'),
(71, 7, 1, 'SO00733483', 'TIKI', 'REG', 64000, 30, 'FINISH', 1, 10381647, '2019-10-28 13:21:42', '2020-04-14 07:57:34'),
(72, 11, 2, 'SO00644194', 'TIKI', '-', 0, 40, 'FINISH', 1, 5870143, '2019-12-03 20:32:00', '2020-04-14 07:57:34'),
(73, 5, 1, 'SO00283325', 'TIKI', 'ONS', 12000, 40, 'FINISH', 1, 6630391, '2019-05-07 06:59:12', '2020-04-14 07:57:34'),
(74, 6, 1, 'SO00653416', 'TIKI', 'ECO', 18000, 40, 'FINISH', 1, 9885527, '2019-09-29 01:01:01', '2020-04-14 07:57:35'),
(75, 5, 1, 'SO00876681', 'TIKI', 'ONS', 12000, 40, 'FINISH', 1, 7056254, '2019-05-06 20:37:07', '2020-04-14 07:57:35'),
(76, 4, 1, 'SO00191049', 'POS', 'Express Next Day Barang', 80500, 30, 'FINISH', 1, 1528550, '2020-02-20 19:10:50', '2020-04-14 07:57:35'),
(77, 6, 2, 'SO00547357', 'POS', 'Paket Kilat Khusus', 19000, 40, 'FINISH', 1, 2510134, '2019-12-16 11:59:30', '2020-04-14 07:57:35'),
(78, 11, 1, 'SO00473366', 'TIKI', '-', 0, 40, 'FINISH', 1, 7077124, '2019-12-06 11:07:57', '2020-04-14 07:57:35'),
(79, 7, 1, 'SO00890620', 'POS', 'Paket Kilat Khusus', 50000, 30, 'FINISH', 1, 6999058, '2019-07-25 18:07:38', '2020-04-14 07:57:35'),
(80, 6, 1, 'SO00306762', 'JNE', 'REG', 20000, 40, 'FINISH', 1, 5745482, '2020-04-05 12:22:40', '2020-04-14 07:57:35'),
(81, 7, 2, 'SO00798599', 'TIKI', 'REG', 64000, 30, 'FINISH', 1, 5635866, '2019-11-06 10:38:28', '2020-04-14 07:57:36'),
(82, 8, 1, 'SO00959732', 'POS', 'Paket Kilat Khusus', 43000, 30, 'FINISH', 1, 5556420, '2020-02-12 03:44:24', '2020-04-14 07:57:36'),
(83, 1, 2, 'SO00441019', 'POS', 'Express Next Day Barang', 10000, 40, 'FINISH', 1, 9894081, '2019-08-09 13:27:30', '2020-04-14 07:57:36'),
(84, 11, 2, 'SO00564642', 'JNE', 'OKE', 67000, 40, 'FINISH', 1, 3872308, '2019-08-22 19:16:17', '2020-04-14 07:57:36'),
(85, 9, 2, 'SO00382544', 'TIKI', 'ECO', 15000, 30, 'FINISH', 1, 6210171, '2019-06-08 13:36:24', '2020-04-14 07:57:36'),
(86, 11, 2, 'SO00373339', 'JNE', 'REG', 74000, 40, 'FINISH', 1, 7090291, '2019-04-26 07:20:12', '2020-04-14 07:57:36'),
(87, 3, 1, 'SO00352037', 'TIKI', 'ECO', 34000, 40, 'FINISH', 1, 4029377, '2019-04-15 12:02:49', '2020-04-14 07:57:36'),
(88, 5, 1, 'SO00375836', 'POS', 'Express Next Day Barang', 10000, 40, 'FINISH', 1, 6679687, '2019-08-07 14:59:26', '2020-04-14 07:57:36'),
(89, 6, 1, 'SO00454200', 'POS', 'Express Next Day Barang', 30000, 40, 'FINISH', 1, 7170460, '2019-05-11 05:21:48', '2020-04-14 07:57:36'),
(90, 8, 1, 'SO00616956', 'POS', 'Paket Kilat Khusus', 43000, 30, 'FINISH', 1, 7621567, '2019-11-16 04:15:33', '2020-04-14 07:57:36'),
(91, 4, 1, 'SO00843337', 'POS', 'Express Next Day Barang', 80500, 30, 'FINISH', 1, 7550849, '2020-03-27 17:51:06', '2020-04-14 07:57:37'),
(92, 3, 1, 'SO00596528', 'POS', 'Paket Kilat Khusus', 37000, 40, 'FINISH', 1, 8379392, '2019-06-27 10:57:20', '2020-04-14 07:57:37'),
(93, 3, 2, 'SO00707576', 'TIKI', 'REG', 38000, 40, 'FINISH', 1, 5893962, '2019-10-02 18:03:22', '2020-04-14 07:57:37'),
(94, 6, 2, 'SO00677513', 'POS', 'Paket Kilat Khusus', 19000, 40, 'FINISH', 1, 15215744, '2019-07-28 12:27:13', '2020-04-14 07:57:37'),
(95, 4, 1, 'SO00553714', 'TIKI', 'ONS', 45000, 30, 'FINISH', 1, 7988788, '2019-07-18 08:21:07', '2020-04-14 07:57:37'),
(96, 1, 2, 'SO00565452', 'TIKI', 'REG', 7000, 40, 'FINISH', 1, 4511517, '2019-06-01 05:58:51', '2020-04-14 07:57:37'),
(97, 10, 2, 'SO00118897', 'TIKI', 'REG', 55000, 30, 'FINISH', 1, 12719744, '2019-12-28 21:24:01', '2020-04-14 07:57:37'),
(98, 5, 1, 'SO00261352', 'JNE', 'CTCYES', 10000, 40, 'FINISH', 1, 9212815, '2019-08-01 13:39:04', '2020-04-14 07:57:38'),
(99, 7, 2, 'SO00469985', 'JNE', 'OKE', 49000, 30, 'FINISH', 1, 6250574, '2019-05-08 01:11:28', '2020-04-14 07:57:38'),
(100, 2, 1, 'SO00567743', 'TIKI', 'REG', 44000, 30, 'FINISH', 1, 11108600, '2019-12-21 04:52:15', '2020-04-14 07:57:38'),
(101, 5, 1, 'SO00749913', 'JNE', 'CTC', 8000, 40, 'FINISH', 1, 7343288, '2020-01-18 05:40:24', '2020-04-14 07:57:38'),
(102, 4, 1, 'SO00286821', 'POS', 'Paket Kilat Khusus', 39000, 30, 'FINISH', 1, 992902, '2020-04-12 13:25:50', '2020-04-14 07:57:38'),
(103, 5, 1, 'SO00278366', 'POS', 'Express Next Day Barang', 10000, 40, 'FINISH', 1, 4341138, '2020-01-01 06:45:39', '2020-04-14 07:57:38'),
(104, 7, 1, 'SO00204433', 'JNE', 'OKE', 49000, 30, 'FINISH', 1, 5348117, '2019-04-20 02:05:21', '2020-04-14 07:57:38'),
(105, 11, 1, 'SO00374848', 'POS', 'Paket Kilat Khusus', 68000, 40, 'FINISH', 1, 4712107, '2019-09-13 01:39:05', '2020-04-14 07:57:38'),
(106, 7, 2, 'SO00943962', 'JNE', 'REG', 53000, 30, 'FINISH', 1, 6109077, '2020-03-11 03:35:45', '2020-04-14 07:57:38'),
(107, 7, 2, 'SO00910300', 'POS', 'Paket Kilat Khusus', 50000, 30, 'FINISH', 1, 2684925, '2019-07-17 09:47:08', '2020-04-14 07:57:39'),
(108, 2, 1, 'SO00299516', 'POS', 'Paket Kilat Khusus', 33000, 30, 'FINISH', 1, 6182981, '2019-08-18 11:11:52', '2020-04-14 07:57:39'),
(109, 10, 2, 'SO00326467', 'TIKI', 'REG', 55000, 30, 'FINISH', 1, 5746679, '2019-09-24 00:34:08', '2020-04-14 07:57:39'),
(110, 11, 2, 'SO00833107', 'JNE', 'OKE', 67000, 40, 'FINISH', 1, 6241013, '2020-02-20 02:52:50', '2020-04-14 07:57:39'),
(111, 2, 2, 'SO00400372', 'JNE', 'OKE', 32000, 30, 'FINISH', 1, 15270819, '2019-10-18 23:25:25', '2020-04-14 07:57:39'),
(112, 7, 2, 'SO00245601', 'JNE', 'REG', 53000, 30, 'FINISH', 1, 4942904, '2019-06-04 03:54:26', '2020-04-14 07:57:39'),
(113, 4, 2, 'SO00433860', 'JNE', 'REG', 40000, 30, 'FINISH', 1, 14047270, '2019-04-25 07:48:49', '2020-04-14 07:57:39'),
(114, 9, 1, 'SO00697869', 'POS', 'Express Next Day Barang', 18000, 30, 'FINISH', 1, 6114529, '2020-01-08 08:40:24', '2020-04-14 07:57:39'),
(115, 1, 1, 'SO00191620', 'JNE', 'CTC', 8000, 40, 'FINISH', 1, 9492675, '2019-08-31 03:20:28', '2020-04-14 07:57:40'),
(116, 10, 2, 'SO00911081', 'TIKI', 'ECO', 51000, 30, 'FINISH', 1, 3653928, '2020-02-20 06:14:18', '2020-04-14 07:57:40'),
(117, 7, 2, 'SO00692223', 'TIKI', 'REG', 64000, 30, 'FINISH', 1, 8195074, '2019-07-18 16:55:15', '2020-04-14 07:57:40'),
(118, 5, 2, 'SO00543729', 'TIKI', 'ONS', 12000, 40, 'FINISH', 1, 5540056, '2020-01-21 23:25:48', '2020-04-14 07:57:40'),
(119, 11, 1, 'SO00974616', 'POS', 'Paket Kilat Khusus', 68000, 40, 'FINISH', 1, 6674063, '2019-08-12 13:42:20', '2020-04-14 07:57:40'),
(120, 9, 2, 'SO00146744', 'JNE', 'OKE', 16000, 30, 'FINISH', 1, 7190146, '2019-12-27 02:06:10', '2020-04-14 07:57:40'),
(121, 3, 2, 'SO00302206', 'POS', 'Express Next Day Barang', 66000, 40, 'FINISH', 1, 4227037, '2020-01-10 19:52:14', '2020-04-14 07:57:40'),
(122, 7, 1, 'SO00874733', 'POS', 'Paket Kilat Khusus', 50000, 30, 'FINISH', 1, 2767058, '2019-08-24 14:21:55', '2020-04-14 07:57:41'),
(123, 3, 2, 'SO00241331', 'JNE', 'REG', 38000, 40, 'FINISH', 1, 8669605, '2019-11-21 20:14:54', '2020-04-14 07:57:41'),
(124, 4, 2, 'SO00166101', 'TIKI', 'REG', 32000, 30, 'FINISH', 1, 6042620, '2019-12-26 04:00:00', '2020-04-14 07:57:41'),
(125, 2, 2, 'SO00337087', 'JNE', 'OKE', 32000, 30, 'FINISH', 1, 8689885, '2019-11-06 07:31:01', '2020-04-14 07:57:41'),
(126, 6, 1, 'SO00193014', 'POS', 'Paket Kilat Khusus', 19000, 40, 'FINISH', 1, 7284567, '2020-02-20 12:41:17', '2020-04-14 07:57:41'),
(127, 11, 2, 'SO00635288', 'POS', 'Paket Kilat Khusus', 68000, 40, 'FINISH', 1, 8282433, '2020-03-24 11:51:06', '2020-04-14 07:57:41'),
(128, 1, 2, 'SO00160801', 'TIKI', 'ONS', 9000, 40, 'FINISH', 1, 8050029, '2019-07-17 13:23:40', '2020-04-14 07:57:41'),
(129, 4, 1, 'SO00936299', 'POS', 'Paket Kilat Khusus', 39000, 30, 'FINISH', 1, 7412897, '2019-09-12 07:21:26', '2020-04-14 07:57:41'),
(130, 3, 1, 'SO00117598', 'POS', 'Express Next Day Barang', 66000, 40, 'FINISH', 1, 10486891, '2020-03-15 20:24:55', '2020-04-14 07:57:42'),
(131, 1, 2, 'SO00893183', 'POS', 'Express Next Day Barang', 10000, 40, 'FINISH', 1, 11883254, '2019-10-14 08:02:50', '2020-04-14 07:57:42'),
(132, 5, 2, 'SO00329230', 'POS', 'Paket Kilat Khusus', 7000, 40, 'FINISH', 1, 8144332, '2020-02-27 14:23:27', '2020-04-14 07:57:42'),
(133, 9, 1, 'SO00814800', 'JNE', 'OKE', 16000, 30, 'FINISH', 1, 14939266, '2020-03-29 13:51:35', '2020-04-14 07:57:42'),
(134, 5, 2, 'SO00564326', 'POS', 'Q9 Barang', 12000, 40, 'FINISH', 1, 3476846, '2019-12-30 06:20:17', '2020-04-14 07:57:42'),
(135, 4, 1, 'SO00783411', 'POS', 'Paket Kilat Khusus', 39000, 30, 'FINISH', 1, 8464624, '2020-01-11 00:12:54', '2020-04-14 07:57:42'),
(136, 2, 1, 'SO00749437', 'TIKI', 'REG', 44000, 30, 'FINISH', 1, 13057511, '2020-02-23 11:35:34', '2020-04-14 07:57:42'),
(137, 7, 1, 'SO00948697', 'POS', 'Paket Kilat Khusus', 50000, 30, 'FINISH', 1, 9137986, '2019-05-07 12:58:03', '2020-04-14 07:57:42'),
(138, 7, 1, 'SO00231607', 'TIKI', 'REG', 64000, 30, 'FINISH', 1, 2257274, '2020-04-07 22:46:05', '2020-04-14 07:57:42'),
(139, 8, 2, 'SO00932875', 'JNE', 'REG', 43000, 30, 'FINISH', 1, 6951965, '2019-06-14 11:33:06', '2020-04-14 07:57:43'),
(140, 8, 1, 'SO00500561', 'TIKI', 'REG', 92000, 30, 'FINISH', 1, 7473792, '2019-07-31 22:26:55', '2020-04-14 07:57:43'),
(141, 3, 1, 'SO00277993', 'POS', 'Express Next Day Barang', 66000, 40, 'FINISH', 1, 5464481, '2019-12-29 19:51:17', '2020-04-14 07:57:43'),
(142, 1, 1, 'SO00191723', 'POS', 'Express Next Day Barang', 10000, 40, 'FINISH', 1, 4876464, '2019-11-26 10:00:15', '2020-04-14 07:57:43'),
(143, 6, 1, 'SO00757307', 'JNE', 'REG', 20000, 40, 'FINISH', 1, 13708742, '2019-09-18 05:10:32', '2020-04-14 07:57:43'),
(144, 4, 1, 'SO00949858', 'TIKI', 'ONS', 45000, 30, 'FINISH', 1, 12802256, '2019-11-24 20:29:46', '2020-04-14 07:57:43'),
(145, 6, 2, 'SO00900026', 'TIKI', 'REG', 21000, 40, 'FINISH', 1, 5261116, '2019-06-09 09:39:38', '2020-04-14 07:57:43'),
(146, 5, 1, 'SO00919824', 'POS', 'Q9 Barang', 12000, 40, 'FINISH', 1, 10398802, '2020-03-26 16:55:43', '2020-04-14 07:57:43'),
(147, 6, 1, 'SO00890030', 'TIKI', 'REG', 21000, 40, 'FINISH', 1, 7561841, '2020-01-20 22:57:17', '2020-04-14 07:57:43'),
(148, 5, 2, 'SO00649180', 'POS', 'Express Next Day Barang', 10000, 40, 'FINISH', 1, 6215050, '2019-04-22 22:08:38', '2020-04-14 07:57:43'),
(149, 6, 1, 'SO00711469', 'TIKI', 'REG', 21000, 40, 'FINISH', 1, 5660883, '2020-01-24 00:02:26', '2020-04-14 07:57:44'),
(150, 2, 1, 'SO00219869', 'TIKI', 'REG', 44000, 30, 'FINISH', 1, 6158571, '2019-08-21 22:58:39', '2020-04-14 07:57:44'),
(151, 7, 2, 'SO00688286', 'POS', 'Paket Kilat Khusus', 50000, 30, 'FINISH', 1, 9192588, '2019-10-27 08:18:36', '2020-04-14 07:57:44'),
(152, 8, 2, 'SO00672511', 'POS', 'Paket Kilat Khusus', 43000, 30, 'FINISH', 1, 9585716, '2020-04-05 15:43:02', '2020-04-14 07:57:44'),
(153, 5, 2, 'SO00578966', 'JNE', 'CTC', 8000, 40, 'FINISH', 1, 7545551, '2020-01-01 03:09:53', '2020-04-14 07:57:44'),
(154, 9, 1, 'SO00987827', 'TIKI', 'ECO', 15000, 30, 'FINISH', 1, 10792510, '2019-06-03 22:31:36', '2020-04-14 07:57:44'),
(155, 2, 2, 'SO00354639', 'POS', 'Paket Kilat Khusus', 33000, 30, 'FINISH', 1, 8428420, '2019-07-04 05:34:29', '2020-04-14 07:57:44'),
(156, 3, 1, 'SO00976405', 'TIKI', 'REG', 38000, 40, 'FINISH', 1, 10626713, '2019-06-10 06:41:47', '2020-04-14 07:57:45'),
(157, 1, 2, 'SO00611591', 'POS', 'Q9 Barang', 12000, 40, 'FINISH', 1, 5779199, '2020-04-05 10:51:35', '2020-04-14 07:57:45'),
(158, 9, 2, 'SO00357276', 'JNE', 'OKE', 16000, 30, 'FINISH', 1, 8323446, '2019-08-14 23:29:23', '2020-04-14 07:57:45'),
(159, 5, 2, 'SO00960184', 'TIKI', 'ONS', 12000, 40, 'FINISH', 1, 8608755, '2019-05-02 11:28:25', '2020-04-14 07:57:45'),
(160, 8, 1, 'SO00153717', 'POS', 'Paket Kilat Khusus', 43000, 30, 'FINISH', 1, 7352483, '2019-06-16 13:05:09', '2020-04-14 07:57:45'),
(161, 10, 2, 'SO00570102', 'JNE', 'OKE', 41000, 30, 'FINISH', 1, 8697475, '2019-10-03 10:52:33', '2020-04-14 07:57:45'),
(162, 9, 1, 'SO00240805', 'JNE', 'REG', 20000, 30, 'FINISH', 1, 8563431, '2020-02-27 03:41:42', '2020-04-14 07:57:45'),
(163, 5, 1, 'SO00282192', 'POS', 'Q9 Barang', 12000, 40, 'FINISH', 1, 3967961, '2020-02-25 00:38:50', '2020-04-14 07:57:45'),
(164, 6, 1, 'SO00337982', 'TIKI', 'ECO', 18000, 40, 'FINISH', 1, 6045285, '2020-01-01 06:00:45', '2020-04-14 07:57:45'),
(165, 11, 2, 'SO00790662', 'JNE', 'OKE', 67000, 40, 'FINISH', 1, 7272407, '2019-06-30 00:01:33', '2020-04-14 07:57:45'),
(166, 4, 2, 'SO00628563', 'JNE', 'YES', 54000, 30, 'FINISH', 1, 2704162, '2019-10-01 15:45:24', '2020-04-14 07:57:45'),
(167, 5, 2, 'SO00803442', 'POS', 'Express Next Day Barang', 10000, 40, 'FINISH', 1, 13010391, '2020-02-25 13:34:03', '2020-04-14 07:57:45'),
(168, 7, 1, 'SO00749068', 'JNE', 'OKE', 49000, 30, 'FINISH', 1, 9804542, '2020-03-23 01:00:17', '2020-04-14 07:57:46'),
(169, 2, 1, 'SO00694569', 'POS', 'Paket Kilat Khusus', 33000, 30, 'FINISH', 1, 2831653, '2019-10-25 00:09:07', '2020-04-14 07:57:46'),
(170, 9, 2, 'SO00785965', 'JNE', 'REG', 20000, 30, 'FINISH', 1, 9680060, '2019-10-25 09:33:35', '2020-04-14 07:57:46'),
(171, 2, 1, 'SO00627865', 'TIKI', 'REG', 44000, 30, 'FINISH', 1, 8647519, '2019-04-17 07:05:06', '2020-04-14 07:57:46'),
(172, 5, 1, 'SO00656579', 'POS', 'Q9 Barang', 12000, 40, 'FINISH', 1, 8964644, '2019-08-18 04:30:32', '2020-04-14 07:57:46'),
(173, 10, 2, 'SO00806161', 'POS', 'Paket Kilat Khusus', 45500, 30, 'FINISH', 1, 6088849, '2019-09-15 20:18:44', '2020-04-14 07:57:47'),
(174, 10, 1, 'SO00875337', 'POS', 'Paket Kilat Khusus', 45500, 30, 'FINISH', 1, 6298419, '2019-06-30 07:01:15', '2020-04-14 07:57:47'),
(175, 10, 2, 'SO00634012', 'POS', 'Paket Kilat Khusus', 45500, 30, 'FINISH', 1, 5929486, '2019-07-27 02:31:26', '2020-04-14 07:57:47'),
(176, 8, 1, 'SO00486798', 'POS', 'Paket Kilat Khusus', 43000, 30, 'FINISH', 1, 8218351, '2020-03-22 18:59:23', '2020-04-14 07:57:47'),
(177, 7, 2, 'SO00660916', 'JNE', 'OKE', 49000, 30, 'FINISH', 1, 9155081, '2019-10-31 06:43:54', '2020-04-14 07:57:47'),
(178, 11, 1, 'SO00823463', 'POS', 'Paket Kilat Khusus', 68000, 40, 'FINISH', 1, 1707978, '2020-03-04 08:12:24', '2020-04-14 07:57:47'),
(179, 10, 1, 'SO00828827', 'JNE', 'OKE', 41000, 30, 'FINISH', 1, 3258376, '2019-10-27 14:28:17', '2020-04-14 07:57:47'),
(180, 6, 1, 'SO00811339', 'POS', 'Express Next Day Barang', 30000, 40, 'FINISH', 1, 3357815, '2020-01-30 22:32:59', '2020-04-14 07:57:47'),
(181, 10, 2, 'SO00485746', 'POS', 'Paket Kilat Khusus', 45500, 30, 'FINISH', 1, 8177910, '2020-03-04 23:20:14', '2020-04-14 07:57:47'),
(182, 3, 2, 'SO00815010', 'POS', 'Paket Kilat Khusus', 37000, 40, 'FINISH', 1, 5838730, '2019-12-26 09:30:35', '2020-04-14 07:57:48'),
(183, 8, 1, 'SO00186966', 'JNE', 'REG', 43000, 30, 'FINISH', 1, 4847972, '2020-02-28 18:32:00', '2020-04-14 07:57:48'),
(184, 6, 2, 'SO00728420', 'JNE', 'OKE', 16000, 40, 'FINISH', 1, 4318259, '2020-01-24 10:45:53', '2020-04-14 07:57:48'),
(185, 9, 2, 'SO00286886', 'JNE', 'REG', 20000, 30, 'FINISH', 1, 2973144, '2020-01-30 23:17:29', '2020-04-14 07:57:48'),
(186, 10, 2, 'SO00901019', 'POS', 'Paket Kilat Khusus', 45500, 30, 'FINISH', 1, 4501916, '2020-01-20 22:57:16', '2020-04-14 07:57:48'),
(187, 3, 2, 'SO00873569', 'POS', 'Paket Kilat Khusus', 37000, 40, 'FINISH', 1, 4034377, '2019-07-10 16:16:56', '2020-04-14 07:57:48'),
(188, 1, 1, 'SO00114320', 'TIKI', 'ECO', 6000, 40, 'FINISH', 1, 10018740, '2019-07-02 03:15:31', '2020-04-14 07:57:48'),
(189, 11, 2, 'SO00560916', 'JNE', 'REG', 74000, 40, 'FINISH', 1, 9540204, '2019-11-25 14:42:10', '2020-04-14 07:57:48'),
(190, 11, 2, 'SO00305476', 'TIKI', '-', 0, 40, 'FINISH', 1, 9827761, '2019-09-14 02:21:04', '2020-04-14 07:57:49'),
(191, 5, 2, 'SO00120853', 'POS', 'Paket Kilat Khusus', 7000, 40, 'FINISH', 1, 13297531, '2019-12-15 03:14:06', '2020-04-14 07:57:49'),
(192, 6, 1, 'SO00945960', 'TIKI', 'REG', 21000, 40, 'FINISH', 1, 5352420, '2020-04-08 22:04:28', '2020-04-14 07:57:49'),
(193, 2, 2, 'SO00555336', 'TIKI', 'REG', 44000, 30, 'FINISH', 1, 7911016, '2020-01-14 07:16:39', '2020-04-14 07:57:49'),
(194, 2, 2, 'SO00923904', 'JNE', 'OKE', 32000, 30, 'FINISH', 1, 12333337, '2019-05-14 17:40:58', '2020-04-14 07:57:49'),
(195, 10, 2, 'SO00106759', 'POS', 'Paket Kilat Khusus', 45500, 30, 'FINISH', 1, 2289067, '2019-07-24 11:29:46', '2020-04-14 07:57:49'),
(196, 3, 1, 'SO00780541', 'JNE', 'OKE', 35000, 40, 'FINISH', 1, 6079411, '2019-05-31 14:17:05', '2020-04-14 07:57:49'),
(197, 6, 2, 'SO00317202', 'TIKI', 'ECO', 18000, 40, 'FINISH', 1, 8997190, '2019-05-26 21:17:54', '2020-04-14 07:57:49'),
(198, 3, 1, 'SO00128443', 'TIKI', 'REG', 38000, 40, 'FINISH', 1, 3678958, '2020-03-02 17:22:24', '2020-04-14 07:57:49'),
(199, 11, 2, 'SO00185596', 'TIKI', '-', 0, 40, 'FINISH', 1, 4130214, '2020-03-09 13:14:25', '2020-04-14 07:57:50'),
(200, 11, 1, 'SO00338659', 'JNE', 'REG', 74000, 40, 'FINISH', 1, 4163823, '2019-06-24 14:51:11', '2020-04-14 07:57:50');

-- --------------------------------------------------------

--
-- Table structure for table `purchase_details`
--

CREATE TABLE `purchase_details` (
  `id` bigint(20) UNSIGNED NOT NULL,
  `purchase_id` bigint(20) UNSIGNED NOT NULL,
  `inventory_id` bigint(20) UNSIGNED NOT NULL,
  `qty` int(11) NOT NULL,
  `status` varchar(255) COLLATE utf8mb4_unicode_ci NOT NULL,
  `subtotal` int(11) NOT NULL,
  `created_at` timestamp NULL DEFAULT NULL,
  `updated_at` timestamp NULL DEFAULT NULL
) ENGINE=InnoDB DEFAULT CHARSET=utf8mb4 COLLATE=utf8mb4_unicode_ci;

--
-- Dumping data for table `purchase_details`
--

INSERT INTO `purchase_details` (`id`, `purchase_id`, `inventory_id`, `qty`, `status`, `subtotal`, `created_at`, `updated_at`) VALUES
(1, 1, 829, 8, 'OK', 1053696, '2020-04-14 07:57:26', '2020-04-14 07:57:26'),
(2, 1, 1188, 8, 'OK', 2391064, '2020-04-14 07:57:26', '2020-04-14 07:57:26'),
(3, 1, 330, 9, 'OK', 7018713, '2020-04-14 07:57:26', '2020-04-14 07:57:26'),
(4, 2, 487, 3, 'OK', 1769664, '2020-04-14 07:57:26', '2020-04-14 07:57:26'),
(5, 2, 18, 5, 'OK', 2427090, '2020-04-14 07:57:26', '2020-04-14 07:57:26'),
(6, 2, 1155, 7, 'OK', 2092181, '2020-04-14 07:57:26', '2020-04-14 07:57:26'),
(7, 3, 1175, 6, 'OK', 1793298, '2020-04-14 07:57:27', '2020-04-14 07:57:27'),
(8, 3, 525, 8, 'OK', 4719104, '2020-04-14 07:57:27', '2020-04-14 07:57:27'),
(9, 3, 233, 2, 'OK', 1559714, '2020-04-14 07:57:27', '2020-04-14 07:57:27'),
(10, 4, 694, 4, 'OK', 2280140, '2020-04-14 07:57:27', '2020-04-14 07:57:27'),
(11, 4, 893, 2, 'OK', 679828, '2020-04-14 07:57:27', '2020-04-14 07:57:27'),
(12, 4, 623, 1, 'OK', 589888, '2020-04-14 07:57:27', '2020-04-14 07:57:27'),
(13, 5, 483, 2, 'OK', 1179776, '2020-04-14 07:57:27', '2020-04-14 07:57:27'),
(14, 5, 1, 3, 'OK', 1456254, '2020-04-14 07:57:27', '2020-04-14 07:57:27'),
(15, 5, 1222, 7, 'OK', 2092181, '2020-04-14 07:57:27', '2020-04-14 07:57:27'),
(16, 6, 250, 10, 'OK', 7798570, '2020-04-14 07:57:27', '2020-04-14 07:57:27'),
(17, 6, 485, 1, 'OK', 589888, '2020-04-14 07:57:27', '2020-04-14 07:57:27'),
(18, 6, 16, 6, 'OK', 2912508, '2020-04-14 07:57:27', '2020-04-14 07:57:27'),
(19, 7, 12, 9, 'OK', 4368762, '2020-04-14 07:57:27', '2020-04-14 07:57:27'),
(20, 7, 850, 9, 'OK', 1185408, '2020-04-14 07:57:27', '2020-04-14 07:57:27'),
(21, 7, 1146, 1, 'OK', 298883, '2020-04-14 07:57:27', '2020-04-14 07:57:27'),
(22, 8, 695, 3, 'OK', 1710105, '2020-04-14 07:57:27', '2020-04-14 07:57:27'),
(23, 8, 880, 8, 'OK', 1053696, '2020-04-14 07:57:27', '2020-04-14 07:57:27'),
(24, 8, 482, 2, 'OK', 1192184, '2020-04-14 07:57:27', '2020-04-14 07:57:27'),
(25, 9, 189, 9, 'OK', 4242735, '2020-04-14 07:57:27', '2020-04-14 07:57:27'),
(26, 9, 510, 3, 'OK', 1769664, '2020-04-14 07:57:27', '2020-04-14 07:57:27'),
(27, 9, 880, 9, 'OK', 1185408, '2020-04-14 07:57:27', '2020-04-14 07:57:27'),
(28, 10, 12, 1, 'OK', 485418, '2020-04-14 07:57:27', '2020-04-14 07:57:27'),
(29, 10, 902, 6, 'OK', 2039484, '2020-04-14 07:57:27', '2020-04-14 07:57:27'),
(30, 10, 370, 2, 'OK', 1192184, '2020-04-14 07:57:27', '2020-04-14 07:57:27'),
(31, 11, 1081, 6, 'OK', 1488498, '2020-04-14 07:57:27', '2020-04-14 07:57:27'),
(32, 11, 24, 6, 'OK', 2912508, '2020-04-14 07:57:27', '2020-04-14 07:57:27'),
(33, 11, 1038, 3, 'OK', 744249, '2020-04-14 07:57:27', '2020-04-14 07:57:27'),
(34, 12, 710, 5, 'OK', 2850175, '2020-04-14 07:57:27', '2020-04-14 07:57:27'),
(35, 12, 909, 6, 'OK', 2039484, '2020-04-14 07:57:27', '2020-04-14 07:57:27'),
(36, 12, 808, 2, 'OK', 263424, '2020-04-14 07:57:27', '2020-04-14 07:57:27'),
(37, 13, 227, 7, 'OK', 5458999, '2020-04-14 07:57:27', '2020-04-14 07:57:27'),
(38, 13, 1050, 4, 'OK', 992332, '2020-04-14 07:57:27', '2020-04-14 07:57:27'),
(39, 13, 235, 9, 'OK', 7018713, '2020-04-14 07:57:27', '2020-04-14 07:57:27'),
(40, 14, 349, 3, 'OK', 1788276, '2020-04-14 07:57:27', '2020-04-14 07:57:27'),
(41, 14, 1044, 6, 'OK', 1488498, '2020-04-14 07:57:27', '2020-04-14 07:57:27'),
(42, 14, 534, 4, 'OK', 2359552, '2020-04-14 07:57:28', '2020-04-14 07:57:28'),
(43, 15, 323, 3, 'OK', 2339571, '2020-04-14 07:57:28', '2020-04-14 07:57:28'),
(44, 15, 427, 8, 'OK', 4768736, '2020-04-14 07:57:28', '2020-04-14 07:57:28'),
(45, 15, 5, 5, 'OK', 2427090, '2020-04-14 07:57:28', '2020-04-14 07:57:28'),
(46, 16, 216, 6, 'OK', 2828490, '2020-04-14 07:57:28', '2020-04-14 07:57:28'),
(47, 16, 1167, 10, 'OK', 2988830, '2020-04-14 07:57:28', '2020-04-14 07:57:28'),
(48, 16, 1067, 1, 'OK', 248083, '2020-04-14 07:57:28', '2020-04-14 07:57:28'),
(49, 17, 810, 4, 'OK', 526848, '2020-04-14 07:57:28', '2020-04-14 07:57:28'),
(50, 17, 48, 1, 'OK', 485418, '2020-04-14 07:57:28', '2020-04-14 07:57:28'),
(51, 17, 934, 3, 'OK', 1019742, '2020-04-14 07:57:28', '2020-04-14 07:57:28'),
(52, 18, 485, 6, 'OK', 3539328, '2020-04-14 07:57:28', '2020-04-14 07:57:28'),
(53, 18, 236, 8, 'OK', 6238856, '2020-04-14 07:57:28', '2020-04-14 07:57:28'),
(54, 18, 1182, 4, 'OK', 1195532, '2020-04-14 07:57:28', '2020-04-14 07:57:28'),
(55, 19, 53, 1, 'OK', 485418, '2020-04-14 07:57:28', '2020-04-14 07:57:28'),
(56, 19, 711, 9, 'OK', 5130315, '2020-04-14 07:57:28', '2020-04-14 07:57:28'),
(57, 19, 286, 2, 'OK', 1559714, '2020-04-14 07:57:28', '2020-04-14 07:57:28'),
(58, 20, 1142, 4, 'OK', 1195532, '2020-04-14 07:57:28', '2020-04-14 07:57:28'),
(59, 20, 1057, 4, 'OK', 992332, '2020-04-14 07:57:28', '2020-04-14 07:57:28'),
(60, 20, 1203, 8, 'OK', 2391064, '2020-04-14 07:57:28', '2020-04-14 07:57:28'),
(61, 21, 934, 10, 'OK', 3399140, '2020-04-14 07:57:28', '2020-04-14 07:57:28'),
(62, 21, 711, 9, 'OK', 5130315, '2020-04-14 07:57:28', '2020-04-14 07:57:28'),
(63, 21, 105, 7, 'OK', 3299905, '2020-04-14 07:57:28', '2020-04-14 07:57:28'),
(64, 22, 813, 9, 'OK', 1185408, '2020-04-14 07:57:29', '2020-04-14 07:57:29'),
(65, 22, 239, 4, 'OK', 3119428, '2020-04-14 07:57:29', '2020-04-14 07:57:29'),
(66, 22, 686, 6, 'OK', 3420210, '2020-04-14 07:57:29', '2020-04-14 07:57:29'),
(67, 23, 370, 2, 'OK', 1192184, '2020-04-14 07:57:29', '2020-04-14 07:57:29'),
(68, 23, 781, 2, 'OK', 1140070, '2020-04-14 07:57:29', '2020-04-14 07:57:29'),
(69, 23, 909, 6, 'OK', 2039484, '2020-04-14 07:57:29', '2020-04-14 07:57:29'),
(70, 24, 28, 9, 'OK', 4368762, '2020-04-14 07:57:29', '2020-04-14 07:57:29'),
(71, 24, 817, 10, 'OK', 1317120, '2020-04-14 07:57:29', '2020-04-14 07:57:29'),
(72, 24, 1067, 3, 'OK', 744249, '2020-04-14 07:57:29', '2020-04-14 07:57:29'),
(73, 25, 264, 6, 'OK', 4679142, '2020-04-14 07:57:29', '2020-04-14 07:57:29'),
(74, 25, 117, 2, 'OK', 942830, '2020-04-14 07:57:29', '2020-04-14 07:57:29'),
(75, 25, 127, 8, 'OK', 3771320, '2020-04-14 07:57:29', '2020-04-14 07:57:29'),
(76, 26, 122, 1, 'OK', 471415, '2020-04-14 07:57:29', '2020-04-14 07:57:29'),
(77, 26, 1186, 2, 'OK', 597766, '2020-04-14 07:57:29', '2020-04-14 07:57:29'),
(78, 26, 826, 9, 'OK', 1185408, '2020-04-14 07:57:29', '2020-04-14 07:57:29'),
(79, 27, 483, 6, 'OK', 3539328, '2020-04-14 07:57:29', '2020-04-14 07:57:29'),
(80, 27, 1222, 7, 'OK', 2092181, '2020-04-14 07:57:29', '2020-04-14 07:57:29'),
(81, 27, 1174, 5, 'OK', 1494415, '2020-04-14 07:57:30', '2020-04-14 07:57:30'),
(82, 28, 688, 8, 'OK', 4560280, '2020-04-14 07:57:30', '2020-04-14 07:57:30'),
(83, 28, 1083, 5, 'OK', 1240415, '2020-04-14 07:57:30', '2020-04-14 07:57:30'),
(84, 28, 804, 1, 'OK', 570035, '2020-04-14 07:57:30', '2020-04-14 07:57:30'),
(85, 29, 992, 6, 'OK', 2039484, '2020-04-14 07:57:30', '2020-04-14 07:57:30'),
(86, 29, 1062, 3, 'OK', 744249, '2020-04-14 07:57:30', '2020-04-14 07:57:30'),
(87, 29, 1148, 10, 'OK', 2988830, '2020-04-14 07:57:30', '2020-04-14 07:57:30'),
(88, 30, 121, 2, 'OK', 942830, '2020-04-14 07:57:30', '2020-04-14 07:57:30'),
(89, 30, 43, 8, 'OK', 3883344, '2020-04-14 07:57:30', '2020-04-14 07:57:30'),
(90, 30, 503, 5, 'OK', 2949440, '2020-04-14 07:57:30', '2020-04-14 07:57:30'),
(91, 31, 227, 6, 'OK', 4679142, '2020-04-14 07:57:30', '2020-04-14 07:57:30'),
(92, 31, 1036, 9, 'OK', 2232747, '2020-04-14 07:57:30', '2020-04-14 07:57:30'),
(93, 31, 837, 1, 'OK', 131712, '2020-04-14 07:57:30', '2020-04-14 07:57:30'),
(94, 32, 695, 2, 'OK', 1140070, '2020-04-14 07:57:30', '2020-04-14 07:57:30'),
(95, 32, 816, 9, 'OK', 1185408, '2020-04-14 07:57:30', '2020-04-14 07:57:30'),
(96, 32, 1140, 6, 'OK', 1793298, '2020-04-14 07:57:30', '2020-04-14 07:57:30'),
(97, 33, 1143, 10, 'OK', 2988830, '2020-04-14 07:57:30', '2020-04-14 07:57:30'),
(98, 33, 122, 8, 'OK', 3771320, '2020-04-14 07:57:30', '2020-04-14 07:57:30'),
(99, 33, 107, 5, 'OK', 2357075, '2020-04-14 07:57:30', '2020-04-14 07:57:30'),
(100, 34, 134, 8, 'OK', 3771320, '2020-04-14 07:57:30', '2020-04-14 07:57:30'),
(101, 34, 319, 8, 'OK', 6238856, '2020-04-14 07:57:30', '2020-04-14 07:57:30'),
(102, 34, 216, 8, 'OK', 3771320, '2020-04-14 07:57:30', '2020-04-14 07:57:30'),
(103, 35, 1149, 5, 'OK', 1494415, '2020-04-14 07:57:30', '2020-04-14 07:57:30'),
(104, 35, 378, 7, 'OK', 4172644, '2020-04-14 07:57:30', '2020-04-14 07:57:30'),
(105, 35, 1061, 6, 'OK', 1488498, '2020-04-14 07:57:30', '2020-04-14 07:57:30'),
(106, 36, 151, 8, 'OK', 3771320, '2020-04-14 07:57:30', '2020-04-14 07:57:30'),
(107, 36, 725, 10, 'OK', 5700350, '2020-04-14 07:57:31', '2020-04-14 07:57:31'),
(108, 36, 1186, 2, 'OK', 597766, '2020-04-14 07:57:31', '2020-04-14 07:57:31'),
(109, 37, 1224, 3, 'OK', 896649, '2020-04-14 07:57:31', '2020-04-14 07:57:31'),
(110, 37, 16, 3, 'OK', 1456254, '2020-04-14 07:57:31', '2020-04-14 07:57:31'),
(111, 37, 18, 5, 'OK', 2427090, '2020-04-14 07:57:31', '2020-04-14 07:57:31'),
(112, 38, 814, 7, 'OK', 921984, '2020-04-14 07:57:31', '2020-04-14 07:57:31'),
(113, 38, 715, 8, 'OK', 4560280, '2020-04-14 07:57:31', '2020-04-14 07:57:31'),
(114, 38, 233, 5, 'OK', 3899285, '2020-04-14 07:57:31', '2020-04-14 07:57:31'),
(115, 39, 51, 8, 'OK', 3883344, '2020-04-14 07:57:31', '2020-04-14 07:57:31'),
(116, 39, 125, 5, 'OK', 2357075, '2020-04-14 07:57:31', '2020-04-14 07:57:31'),
(117, 39, 11, 3, 'OK', 1456254, '2020-04-14 07:57:31', '2020-04-14 07:57:31'),
(118, 40, 732, 6, 'OK', 3420210, '2020-04-14 07:57:31', '2020-04-14 07:57:31'),
(119, 40, 121, 1, 'OK', 471415, '2020-04-14 07:57:31', '2020-04-14 07:57:31'),
(120, 40, 25, 3, 'OK', 1456254, '2020-04-14 07:57:31', '2020-04-14 07:57:31'),
(121, 41, 491, 1, 'OK', 589888, '2020-04-14 07:57:31', '2020-04-14 07:57:31'),
(122, 41, 352, 2, 'OK', 1192184, '2020-04-14 07:57:31', '2020-04-14 07:57:31'),
(123, 41, 252, 3, 'OK', 2339571, '2020-04-14 07:57:31', '2020-04-14 07:57:31'),
(124, 42, 112, 4, 'OK', 1885660, '2020-04-14 07:57:31', '2020-04-14 07:57:31'),
(125, 42, 136, 6, 'OK', 2828490, '2020-04-14 07:57:31', '2020-04-14 07:57:31'),
(126, 42, 708, 5, 'OK', 2850175, '2020-04-14 07:57:31', '2020-04-14 07:57:31'),
(127, 43, 807, 5, 'OK', 2850175, '2020-04-14 07:57:31', '2020-04-14 07:57:31'),
(128, 43, 25, 4, 'OK', 1941672, '2020-04-14 07:57:31', '2020-04-14 07:57:31'),
(129, 43, 1057, 10, 'OK', 2480830, '2020-04-14 07:57:31', '2020-04-14 07:57:31'),
(130, 44, 1224, 9, 'OK', 2689947, '2020-04-14 07:57:32', '2020-04-14 07:57:32'),
(131, 44, 246, 8, 'OK', 6238856, '2020-04-14 07:57:32', '2020-04-14 07:57:32'),
(132, 44, 1092, 9, 'OK', 2232747, '2020-04-14 07:57:32', '2020-04-14 07:57:32'),
(133, 45, 1153, 4, 'OK', 1195532, '2020-04-14 07:57:32', '2020-04-14 07:57:32'),
(134, 45, 125, 10, 'OK', 4714150, '2020-04-14 07:57:32', '2020-04-14 07:57:32'),
(135, 45, 930, 3, 'OK', 1019742, '2020-04-14 07:57:32', '2020-04-14 07:57:32'),
(136, 46, 1058, 4, 'OK', 992332, '2020-04-14 07:57:32', '2020-04-14 07:57:32'),
(137, 46, 549, 9, 'OK', 5308992, '2020-04-14 07:57:32', '2020-04-14 07:57:32'),
(138, 46, 491, 10, 'OK', 5898880, '2020-04-14 07:57:32', '2020-04-14 07:57:32'),
(139, 47, 690, 10, 'OK', 5700350, '2020-04-14 07:57:32', '2020-04-14 07:57:32'),
(140, 47, 1144, 8, 'OK', 2391064, '2020-04-14 07:57:32', '2020-04-14 07:57:32'),
(141, 47, 1047, 6, 'OK', 1488498, '2020-04-14 07:57:32', '2020-04-14 07:57:32'),
(142, 48, 1039, 9, 'OK', 2232747, '2020-04-14 07:57:32', '2020-04-14 07:57:32'),
(143, 48, 688, 9, 'OK', 5130315, '2020-04-14 07:57:32', '2020-04-14 07:57:32'),
(144, 48, 700, 4, 'OK', 2280140, '2020-04-14 07:57:32', '2020-04-14 07:57:32'),
(145, 49, 151, 8, 'OK', 3771320, '2020-04-14 07:57:32', '2020-04-14 07:57:32'),
(146, 49, 129, 3, 'OK', 1414245, '2020-04-14 07:57:32', '2020-04-14 07:57:32'),
(147, 49, 765, 4, 'OK', 2280140, '2020-04-14 07:57:32', '2020-04-14 07:57:32'),
(148, 50, 38, 1, 'OK', 485418, '2020-04-14 07:57:32', '2020-04-14 07:57:32'),
(149, 50, 323, 7, 'OK', 5458999, '2020-04-14 07:57:32', '2020-04-14 07:57:32'),
(150, 50, 1079, 9, 'OK', 2232747, '2020-04-14 07:57:32', '2020-04-14 07:57:32'),
(151, 51, 506, 7, 'OK', 4129216, '2020-04-14 07:57:32', '2020-04-14 07:57:32'),
(152, 51, 354, 5, 'OK', 2980460, '2020-04-14 07:57:32', '2020-04-14 07:57:32'),
(153, 51, 370, 4, 'OK', 2384368, '2020-04-14 07:57:32', '2020-04-14 07:57:32'),
(154, 52, 225, 8, 'OK', 3771320, '2020-04-14 07:57:33', '2020-04-14 07:57:33'),
(155, 52, 241, 4, 'OK', 3119428, '2020-04-14 07:57:33', '2020-04-14 07:57:33'),
(156, 52, 1161, 2, 'OK', 597766, '2020-04-14 07:57:33', '2020-04-14 07:57:33'),
(157, 53, 580, 7, 'OK', 4129216, '2020-04-14 07:57:33', '2020-04-14 07:57:33'),
(158, 53, 28, 3, 'OK', 1456254, '2020-04-14 07:57:33', '2020-04-14 07:57:33'),
(159, 53, 892, 5, 'OK', 1699570, '2020-04-14 07:57:33', '2020-04-14 07:57:33'),
(160, 54, 713, 7, 'OK', 3990245, '2020-04-14 07:57:33', '2020-04-14 07:57:33'),
(161, 54, 1044, 3, 'OK', 744249, '2020-04-14 07:57:33', '2020-04-14 07:57:33'),
(162, 54, 1153, 3, 'OK', 896649, '2020-04-14 07:57:33', '2020-04-14 07:57:33'),
(163, 55, 439, 6, 'OK', 3576552, '2020-04-14 07:57:33', '2020-04-14 07:57:33'),
(164, 55, 823, 7, 'OK', 921984, '2020-04-14 07:57:33', '2020-04-14 07:57:33'),
(165, 55, 901, 3, 'OK', 1019742, '2020-04-14 07:57:33', '2020-04-14 07:57:33'),
(166, 56, 12, 7, 'OK', 3397926, '2020-04-14 07:57:33', '2020-04-14 07:57:33'),
(167, 56, 902, 4, 'OK', 1359656, '2020-04-14 07:57:33', '2020-04-14 07:57:33'),
(168, 56, 21, 6, 'OK', 2912508, '2020-04-14 07:57:33', '2020-04-14 07:57:33'),
(169, 57, 122, 6, 'OK', 2828490, '2020-04-14 07:57:33', '2020-04-14 07:57:33'),
(170, 57, 510, 10, 'OK', 5898880, '2020-04-14 07:57:33', '2020-04-14 07:57:33'),
(171, 57, 808, 7, 'OK', 921984, '2020-04-14 07:57:33', '2020-04-14 07:57:33'),
(172, 58, 1190, 1, 'OK', 298883, '2020-04-14 07:57:33', '2020-04-14 07:57:33'),
(173, 58, 16, 1, 'OK', 485418, '2020-04-14 07:57:33', '2020-04-14 07:57:33'),
(174, 58, 427, 4, 'OK', 2384368, '2020-04-14 07:57:33', '2020-04-14 07:57:33'),
(175, 59, 687, 1, 'OK', 570035, '2020-04-14 07:57:33', '2020-04-14 07:57:33'),
(176, 59, 493, 4, 'OK', 2359552, '2020-04-14 07:57:33', '2020-04-14 07:57:33'),
(177, 59, 689, 10, 'OK', 5700350, '2020-04-14 07:57:33', '2020-04-14 07:57:33'),
(178, 60, 105, 6, 'OK', 2828490, '2020-04-14 07:57:33', '2020-04-14 07:57:33'),
(179, 60, 385, 8, 'OK', 4768736, '2020-04-14 07:57:33', '2020-04-14 07:57:33'),
(180, 60, 493, 3, 'OK', 1769664, '2020-04-14 07:57:33', '2020-04-14 07:57:33'),
(181, 61, 121, 2, 'OK', 942830, '2020-04-14 07:57:33', '2020-04-14 07:57:33'),
(182, 61, 1179, 8, 'OK', 2391064, '2020-04-14 07:57:33', '2020-04-14 07:57:33'),
(183, 61, 888, 4, 'OK', 526848, '2020-04-14 07:57:33', '2020-04-14 07:57:33'),
(184, 62, 378, 2, 'OK', 1192184, '2020-04-14 07:57:33', '2020-04-14 07:57:33'),
(185, 62, 136, 3, 'OK', 1414245, '2020-04-14 07:57:33', '2020-04-14 07:57:33'),
(186, 62, 122, 4, 'OK', 1885660, '2020-04-14 07:57:33', '2020-04-14 07:57:33'),
(187, 63, 225, 9, 'OK', 4242735, '2020-04-14 07:57:33', '2020-04-14 07:57:33'),
(188, 63, 403, 4, 'OK', 2384368, '2020-04-14 07:57:33', '2020-04-14 07:57:33'),
(189, 63, 718, 7, 'OK', 3990245, '2020-04-14 07:57:33', '2020-04-14 07:57:33'),
(190, 64, 1040, 6, 'OK', 1488498, '2020-04-14 07:57:34', '2020-04-14 07:57:34'),
(191, 64, 849, 10, 'OK', 1317120, '2020-04-14 07:57:34', '2020-04-14 07:57:34'),
(192, 64, 1158, 5, 'OK', 1494415, '2020-04-14 07:57:34', '2020-04-14 07:57:34'),
(193, 65, 496, 3, 'OK', 1769664, '2020-04-14 07:57:34', '2020-04-14 07:57:34'),
(194, 65, 1047, 4, 'OK', 992332, '2020-04-14 07:57:34', '2020-04-14 07:57:34'),
(195, 65, 1175, 2, 'OK', 597766, '2020-04-14 07:57:34', '2020-04-14 07:57:34'),
(196, 66, 818, 9, 'OK', 1185408, '2020-04-14 07:57:34', '2020-04-14 07:57:34'),
(197, 66, 439, 5, 'OK', 2980460, '2020-04-14 07:57:34', '2020-04-14 07:57:34'),
(198, 66, 312, 7, 'OK', 5458999, '2020-04-14 07:57:34', '2020-04-14 07:57:34'),
(199, 67, 280, 5, 'OK', 3899285, '2020-04-14 07:57:34', '2020-04-14 07:57:34'),
(200, 67, 580, 2, 'OK', 1179776, '2020-04-14 07:57:34', '2020-04-14 07:57:34'),
(201, 67, 229, 7, 'OK', 5458999, '2020-04-14 07:57:34', '2020-04-14 07:57:34'),
(202, 68, 361, 5, 'OK', 2980460, '2020-04-14 07:57:34', '2020-04-14 07:57:34'),
(203, 68, 824, 2, 'OK', 263424, '2020-04-14 07:57:34', '2020-04-14 07:57:34'),
(204, 68, 503, 1, 'OK', 589888, '2020-04-14 07:57:34', '2020-04-14 07:57:34'),
(205, 69, 525, 5, 'OK', 2949440, '2020-04-14 07:57:34', '2020-04-14 07:57:34'),
(206, 69, 534, 7, 'OK', 4129216, '2020-04-14 07:57:34', '2020-04-14 07:57:34'),
(207, 69, 901, 1, 'OK', 339914, '2020-04-14 07:57:34', '2020-04-14 07:57:34'),
(208, 70, 701, 3, 'OK', 1710105, '2020-04-14 07:57:34', '2020-04-14 07:57:34'),
(209, 70, 530, 8, 'OK', 4719104, '2020-04-14 07:57:34', '2020-04-14 07:57:34'),
(210, 70, 1062, 1, 'OK', 248083, '2020-04-14 07:57:34', '2020-04-14 07:57:34'),
(211, 71, 1067, 1, 'OK', 248083, '2020-04-14 07:57:34', '2020-04-14 07:57:34'),
(212, 71, 352, 8, 'OK', 4768736, '2020-04-14 07:57:34', '2020-04-14 07:57:34'),
(213, 71, 351, 9, 'OK', 5364828, '2020-04-14 07:57:34', '2020-04-14 07:57:34'),
(214, 72, 1182, 5, 'OK', 1494415, '2020-04-14 07:57:34', '2020-04-14 07:57:34'),
(215, 72, 1053, 8, 'OK', 1984664, '2020-04-14 07:57:34', '2020-04-14 07:57:34'),
(216, 72, 1165, 8, 'OK', 2391064, '2020-04-14 07:57:34', '2020-04-14 07:57:34'),
(217, 73, 295, 5, 'OK', 3899285, '2020-04-14 07:57:35', '2020-04-14 07:57:35'),
(218, 73, 385, 3, 'OK', 1788276, '2020-04-14 07:57:35', '2020-04-14 07:57:35'),
(219, 73, 103, 2, 'OK', 942830, '2020-04-14 07:57:35', '2020-04-14 07:57:35'),
(220, 74, 1174, 9, 'OK', 2689947, '2020-04-14 07:57:35', '2020-04-14 07:57:35'),
(221, 74, 1036, 7, 'OK', 1736581, '2020-04-14 07:57:35', '2020-04-14 07:57:35'),
(222, 74, 264, 7, 'OK', 5458999, '2020-04-14 07:57:35', '2020-04-14 07:57:35'),
(223, 75, 252, 2, 'OK', 1559714, '2020-04-14 07:57:35', '2020-04-14 07:57:35'),
(224, 75, 810, 1, 'OK', 131712, '2020-04-14 07:57:35', '2020-04-14 07:57:35'),
(225, 75, 375, 9, 'OK', 5364828, '2020-04-14 07:57:35', '2020-04-14 07:57:35'),
(226, 76, 44, 1, 'OK', 485418, '2020-04-14 07:57:35', '2020-04-14 07:57:35'),
(227, 76, 1092, 3, 'OK', 744249, '2020-04-14 07:57:35', '2020-04-14 07:57:35'),
(228, 76, 1167, 1, 'OK', 298883, '2020-04-14 07:57:35', '2020-04-14 07:57:35'),
(229, 77, 1054, 5, 'OK', 1240415, '2020-04-14 07:57:35', '2020-04-14 07:57:35'),
(230, 77, 1167, 1, 'OK', 298883, '2020-04-14 07:57:35', '2020-04-14 07:57:35'),
(231, 77, 1, 2, 'OK', 970836, '2020-04-14 07:57:35', '2020-04-14 07:57:35'),
(232, 78, 921, 3, 'OK', 1019742, '2020-04-14 07:57:35', '2020-04-14 07:57:35'),
(233, 78, 427, 6, 'OK', 3576552, '2020-04-14 07:57:35', '2020-04-14 07:57:35'),
(234, 78, 1039, 10, 'OK', 2480830, '2020-04-14 07:57:35', '2020-04-14 07:57:35'),
(235, 79, 1039, 7, 'OK', 1736581, '2020-04-14 07:57:35', '2020-04-14 07:57:35'),
(236, 79, 124, 9, 'OK', 4242735, '2020-04-14 07:57:35', '2020-04-14 07:57:35'),
(237, 79, 903, 3, 'OK', 1019742, '2020-04-14 07:57:35', '2020-04-14 07:57:35'),
(238, 80, 814, 3, 'OK', 395136, '2020-04-14 07:57:35', '2020-04-14 07:57:35'),
(239, 80, 46, 10, 'OK', 4854180, '2020-04-14 07:57:35', '2020-04-14 07:57:35'),
(240, 80, 1049, 2, 'OK', 496166, '2020-04-14 07:57:36', '2020-04-14 07:57:36'),
(241, 81, 264, 5, 'OK', 3899285, '2020-04-14 07:57:36', '2020-04-14 07:57:36'),
(242, 81, 1057, 4, 'OK', 992332, '2020-04-14 07:57:36', '2020-04-14 07:57:36'),
(243, 81, 1068, 3, 'OK', 744249, '2020-04-14 07:57:36', '2020-04-14 07:57:36'),
(244, 82, 13, 7, 'OK', 3397926, '2020-04-14 07:57:36', '2020-04-14 07:57:36'),
(245, 82, 1049, 3, 'OK', 744249, '2020-04-14 07:57:36', '2020-04-14 07:57:36'),
(246, 82, 134, 3, 'OK', 1414245, '2020-04-14 07:57:36', '2020-04-14 07:57:36'),
(247, 83, 708, 9, 'OK', 5130315, '2020-04-14 07:57:36', '2020-04-14 07:57:36'),
(248, 83, 350, 4, 'OK', 2384368, '2020-04-14 07:57:36', '2020-04-14 07:57:36'),
(249, 83, 931, 7, 'OK', 2379398, '2020-04-14 07:57:36', '2020-04-14 07:57:36'),
(250, 84, 809, 10, 'OK', 1317120, '2020-04-14 07:57:36', '2020-04-14 07:57:36'),
(251, 84, 896, 4, 'OK', 1359656, '2020-04-14 07:57:36', '2020-04-14 07:57:36'),
(252, 84, 1154, 4, 'OK', 1195532, '2020-04-14 07:57:36', '2020-04-14 07:57:36'),
(253, 85, 1171, 1, 'OK', 298883, '2020-04-14 07:57:36', '2020-04-14 07:57:36'),
(254, 85, 508, 8, 'OK', 4719104, '2020-04-14 07:57:36', '2020-04-14 07:57:36'),
(255, 85, 365, 2, 'OK', 1192184, '2020-04-14 07:57:36', '2020-04-14 07:57:36'),
(256, 86, 2, 7, 'OK', 3397926, '2020-04-14 07:57:36', '2020-04-14 07:57:36'),
(257, 86, 3, 6, 'OK', 2912508, '2020-04-14 07:57:36', '2020-04-14 07:57:36'),
(258, 86, 241, 1, 'OK', 779857, '2020-04-14 07:57:36', '2020-04-14 07:57:36'),
(259, 87, 905, 1, 'OK', 339914, '2020-04-14 07:57:36', '2020-04-14 07:57:36'),
(260, 87, 715, 1, 'OK', 570035, '2020-04-14 07:57:36', '2020-04-14 07:57:36'),
(261, 87, 269, 4, 'OK', 3119428, '2020-04-14 07:57:36', '2020-04-14 07:57:36'),
(262, 88, 234, 3, 'OK', 2339571, '2020-04-14 07:57:36', '2020-04-14 07:57:36'),
(263, 88, 385, 5, 'OK', 2980460, '2020-04-14 07:57:36', '2020-04-14 07:57:36'),
(264, 88, 899, 4, 'OK', 1359656, '2020-04-14 07:57:36', '2020-04-14 07:57:36'),
(265, 89, 904, 4, 'OK', 1359656, '2020-04-14 07:57:36', '2020-04-14 07:57:36'),
(266, 89, 902, 6, 'OK', 2039484, '2020-04-14 07:57:36', '2020-04-14 07:57:36'),
(267, 89, 114, 8, 'OK', 3771320, '2020-04-14 07:57:36', '2020-04-14 07:57:36'),
(268, 90, 120, 2, 'OK', 942830, '2020-04-14 07:57:37', '2020-04-14 07:57:37'),
(269, 90, 506, 10, 'OK', 5898880, '2020-04-14 07:57:37', '2020-04-14 07:57:37'),
(270, 90, 246, 1, 'OK', 779857, '2020-04-14 07:57:37', '2020-04-14 07:57:37'),
(271, 91, 1062, 5, 'OK', 1240415, '2020-04-14 07:57:37', '2020-04-14 07:57:37'),
(272, 91, 28, 9, 'OK', 4368762, '2020-04-14 07:57:37', '2020-04-14 07:57:37'),
(273, 91, 7, 4, 'OK', 1941672, '2020-04-14 07:57:37', '2020-04-14 07:57:37'),
(274, 92, 892, 2, 'OK', 679828, '2020-04-14 07:57:37', '2020-04-14 07:57:37'),
(275, 92, 525, 8, 'OK', 4719104, '2020-04-14 07:57:37', '2020-04-14 07:57:37'),
(276, 92, 365, 5, 'OK', 2980460, '2020-04-14 07:57:37', '2020-04-14 07:57:37'),
(277, 93, 319, 4, 'OK', 3119428, '2020-04-14 07:57:37', '2020-04-14 07:57:37'),
(278, 93, 939, 7, 'OK', 2379398, '2020-04-14 07:57:37', '2020-04-14 07:57:37'),
(279, 93, 875, 3, 'OK', 395136, '2020-04-14 07:57:37', '2020-04-14 07:57:37'),
(280, 94, 15, 3, 'OK', 1456254, '2020-04-14 07:57:37', '2020-04-14 07:57:37'),
(281, 94, 365, 10, 'OK', 5960920, '2020-04-14 07:57:37', '2020-04-14 07:57:37'),
(282, 94, 236, 10, 'OK', 7798570, '2020-04-14 07:57:37', '2020-04-14 07:57:37'),
(283, 95, 266, 5, 'OK', 3899285, '2020-04-14 07:57:37', '2020-04-14 07:57:37'),
(284, 95, 705, 3, 'OK', 1710105, '2020-04-14 07:57:37', '2020-04-14 07:57:37'),
(285, 95, 890, 7, 'OK', 2379398, '2020-04-14 07:57:37', '2020-04-14 07:57:37'),
(286, 96, 1075, 9, 'OK', 2232747, '2020-04-14 07:57:37', '2020-04-14 07:57:37'),
(287, 96, 822, 6, 'OK', 790272, '2020-04-14 07:57:37', '2020-04-14 07:57:37'),
(288, 96, 1105, 6, 'OK', 1488498, '2020-04-14 07:57:37', '2020-04-14 07:57:37'),
(289, 97, 489, 10, 'OK', 5898880, '2020-04-14 07:57:37', '2020-04-14 07:57:37'),
(290, 97, 815, 7, 'OK', 921984, '2020-04-14 07:57:37', '2020-04-14 07:57:37'),
(291, 97, 623, 10, 'OK', 5898880, '2020-04-14 07:57:38', '2020-04-14 07:57:38'),
(292, 98, 235, 3, 'OK', 2339571, '2020-04-14 07:57:38', '2020-04-14 07:57:38'),
(293, 98, 134, 3, 'OK', 1414245, '2020-04-14 07:57:38', '2020-04-14 07:57:38'),
(294, 98, 233, 7, 'OK', 5458999, '2020-04-14 07:57:38', '2020-04-14 07:57:38'),
(295, 99, 138, 7, 'OK', 3299905, '2020-04-14 07:57:38', '2020-04-14 07:57:38'),
(296, 99, 53, 3, 'OK', 1456254, '2020-04-14 07:57:38', '2020-04-14 07:57:38'),
(297, 99, 1188, 5, 'OK', 1494415, '2020-04-14 07:57:38', '2020-04-14 07:57:38'),
(298, 100, 541, 9, 'OK', 5308992, '2020-04-14 07:57:38', '2020-04-14 07:57:38'),
(299, 100, 700, 6, 'OK', 3420210, '2020-04-14 07:57:38', '2020-04-14 07:57:38'),
(300, 100, 896, 7, 'OK', 2379398, '2020-04-14 07:57:38', '2020-04-14 07:57:38'),
(301, 101, 1067, 8, 'OK', 1984664, '2020-04-14 07:57:38', '2020-04-14 07:57:38'),
(302, 101, 503, 1, 'OK', 589888, '2020-04-14 07:57:38', '2020-04-14 07:57:38'),
(303, 101, 383, 8, 'OK', 4768736, '2020-04-14 07:57:38', '2020-04-14 07:57:38'),
(304, 102, 811, 3, 'OK', 395136, '2020-04-14 07:57:38', '2020-04-14 07:57:38'),
(305, 102, 1182, 1, 'OK', 298883, '2020-04-14 07:57:38', '2020-04-14 07:57:38'),
(306, 102, 1182, 1, 'OK', 298883, '2020-04-14 07:57:38', '2020-04-14 07:57:38'),
(307, 103, 1182, 9, 'OK', 2689947, '2020-04-14 07:57:38', '2020-04-14 07:57:38'),
(308, 103, 493, 2, 'OK', 1179776, '2020-04-14 07:57:38', '2020-04-14 07:57:38'),
(309, 103, 142, 1, 'OK', 471415, '2020-04-14 07:57:38', '2020-04-14 07:57:38'),
(310, 104, 232, 5, 'OK', 3899285, '2020-04-14 07:57:38', '2020-04-14 07:57:38'),
(311, 104, 817, 7, 'OK', 921984, '2020-04-14 07:57:38', '2020-04-14 07:57:38'),
(312, 104, 821, 4, 'OK', 526848, '2020-04-14 07:57:38', '2020-04-14 07:57:38'),
(313, 105, 931, 3, 'OK', 1019742, '2020-04-14 07:57:38', '2020-04-14 07:57:38'),
(314, 105, 246, 1, 'OK', 779857, '2020-04-14 07:57:38', '2020-04-14 07:57:38'),
(315, 105, 18, 6, 'OK', 2912508, '2020-04-14 07:57:38', '2020-04-14 07:57:38'),
(316, 106, 367, 8, 'OK', 4768736, '2020-04-14 07:57:38', '2020-04-14 07:57:38'),
(317, 106, 365, 1, 'OK', 596092, '2020-04-14 07:57:38', '2020-04-14 07:57:38'),
(318, 106, 1060, 3, 'OK', 744249, '2020-04-14 07:57:38', '2020-04-14 07:57:38'),
(319, 107, 350, 1, 'OK', 596092, '2020-04-14 07:57:39', '2020-04-14 07:57:39'),
(320, 107, 1149, 3, 'OK', 896649, '2020-04-14 07:57:39', '2020-04-14 07:57:39'),
(321, 107, 349, 2, 'OK', 1192184, '2020-04-14 07:57:39', '2020-04-14 07:57:39'),
(322, 108, 868, 2, 'OK', 263424, '2020-04-14 07:57:39', '2020-04-14 07:57:39'),
(323, 108, 1053, 5, 'OK', 1240415, '2020-04-14 07:57:39', '2020-04-14 07:57:39'),
(324, 108, 239, 6, 'OK', 4679142, '2020-04-14 07:57:39', '2020-04-14 07:57:39'),
(325, 109, 508, 1, 'OK', 589888, '2020-04-14 07:57:39', '2020-04-14 07:57:39'),
(326, 109, 1070, 7, 'OK', 1736581, '2020-04-14 07:57:39', '2020-04-14 07:57:39'),
(327, 109, 765, 6, 'OK', 3420210, '2020-04-14 07:57:39', '2020-04-14 07:57:39'),
(328, 110, 127, 6, 'OK', 2828490, '2020-04-14 07:57:39', '2020-04-14 07:57:39'),
(329, 110, 509, 2, 'OK', 1179776, '2020-04-14 07:57:39', '2020-04-14 07:57:39'),
(330, 110, 1114, 9, 'OK', 2232747, '2020-04-14 07:57:39', '2020-04-14 07:57:39'),
(331, 111, 29, 7, 'OK', 3397926, '2020-04-14 07:57:39', '2020-04-14 07:57:39'),
(332, 111, 258, 9, 'OK', 7018713, '2020-04-14 07:57:39', '2020-04-14 07:57:39'),
(333, 111, 1, 10, 'OK', 4854180, '2020-04-14 07:57:39', '2020-04-14 07:57:39'),
(334, 112, 923, 4, 'OK', 1359656, '2020-04-14 07:57:39', '2020-04-14 07:57:39'),
(335, 112, 1175, 8, 'OK', 2391064, '2020-04-14 07:57:39', '2020-04-14 07:57:39'),
(336, 112, 403, 2, 'OK', 1192184, '2020-04-14 07:57:39', '2020-04-14 07:57:39'),
(337, 113, 106, 6, 'OK', 2828490, '2020-04-14 07:57:39', '2020-04-14 07:57:39'),
(338, 113, 230, 10, 'OK', 7798570, '2020-04-14 07:57:39', '2020-04-14 07:57:39'),
(339, 113, 696, 6, 'OK', 3420210, '2020-04-14 07:57:39', '2020-04-14 07:57:39'),
(340, 114, 1194, 9, 'OK', 2689947, '2020-04-14 07:57:39', '2020-04-14 07:57:39'),
(341, 114, 123, 6, 'OK', 2828490, '2020-04-14 07:57:40', '2020-04-14 07:57:40'),
(342, 114, 403, 1, 'OK', 596092, '2020-04-14 07:57:40', '2020-04-14 07:57:40'),
(343, 115, 246, 3, 'OK', 2339571, '2020-04-14 07:57:40', '2020-04-14 07:57:40'),
(344, 115, 352, 6, 'OK', 3576552, '2020-04-14 07:57:40', '2020-04-14 07:57:40'),
(345, 115, 359, 6, 'OK', 3576552, '2020-04-14 07:57:40', '2020-04-14 07:57:40'),
(346, 116, 889, 9, 'OK', 1185408, '2020-04-14 07:57:40', '2020-04-14 07:57:40'),
(347, 116, 811, 4, 'OK', 526848, '2020-04-14 07:57:40', '2020-04-14 07:57:40'),
(348, 116, 17, 4, 'OK', 1941672, '2020-04-14 07:57:40', '2020-04-14 07:57:40'),
(349, 117, 286, 5, 'OK', 3899285, '2020-04-14 07:57:40', '2020-04-14 07:57:40'),
(350, 117, 1148, 3, 'OK', 896649, '2020-04-14 07:57:40', '2020-04-14 07:57:40'),
(351, 117, 899, 10, 'OK', 3399140, '2020-04-14 07:57:40', '2020-04-14 07:57:40'),
(352, 118, 1067, 7, 'OK', 1736581, '2020-04-14 07:57:40', '2020-04-14 07:57:40'),
(353, 118, 1080, 3, 'OK', 744249, '2020-04-14 07:57:40', '2020-04-14 07:57:40'),
(354, 118, 896, 9, 'OK', 3059226, '2020-04-14 07:57:40', '2020-04-14 07:57:40'),
(355, 119, 1048, 6, 'OK', 1488498, '2020-04-14 07:57:40', '2020-04-14 07:57:40'),
(356, 119, 151, 5, 'OK', 2357075, '2020-04-14 07:57:40', '2020-04-14 07:57:40'),
(357, 119, 151, 6, 'OK', 2828490, '2020-04-14 07:57:40', '2020-04-14 07:57:40'),
(358, 120, 142, 10, 'OK', 4714150, '2020-04-14 07:57:40', '2020-04-14 07:57:40'),
(359, 120, 892, 3, 'OK', 1019742, '2020-04-14 07:57:40', '2020-04-14 07:57:40'),
(360, 120, 28, 3, 'OK', 1456254, '2020-04-14 07:57:40', '2020-04-14 07:57:40'),
(361, 121, 102, 2, 'OK', 970836, '2020-04-14 07:57:40', '2020-04-14 07:57:40'),
(362, 121, 487, 4, 'OK', 2359552, '2020-04-14 07:57:41', '2020-04-14 07:57:41'),
(363, 121, 1180, 3, 'OK', 896649, '2020-04-14 07:57:41', '2020-04-14 07:57:41'),
(364, 122, 834, 7, 'OK', 921984, '2020-04-14 07:57:41', '2020-04-14 07:57:41'),
(365, 122, 921, 4, 'OK', 1359656, '2020-04-14 07:57:41', '2020-04-14 07:57:41'),
(366, 122, 3, 1, 'OK', 485418, '2020-04-14 07:57:41', '2020-04-14 07:57:41'),
(367, 123, 1117, 4, 'OK', 992332, '2020-04-14 07:57:41', '2020-04-14 07:57:41'),
(368, 123, 295, 9, 'OK', 7018713, '2020-04-14 07:57:41', '2020-04-14 07:57:41'),
(369, 123, 818, 5, 'OK', 658560, '2020-04-14 07:57:41', '2020-04-14 07:57:41'),
(370, 124, 509, 5, 'OK', 2949440, '2020-04-14 07:57:41', '2020-04-14 07:57:41'),
(371, 124, 925, 6, 'OK', 2039484, '2020-04-14 07:57:41', '2020-04-14 07:57:41'),
(372, 124, 808, 8, 'OK', 1053696, '2020-04-14 07:57:41', '2020-04-14 07:57:41'),
(373, 125, 508, 6, 'OK', 3539328, '2020-04-14 07:57:41', '2020-04-14 07:57:41'),
(374, 125, 258, 6, 'OK', 4679142, '2020-04-14 07:57:41', '2020-04-14 07:57:41'),
(375, 125, 142, 1, 'OK', 471415, '2020-04-14 07:57:41', '2020-04-14 07:57:41'),
(376, 126, 1148, 7, 'OK', 2092181, '2020-04-14 07:57:41', '2020-04-14 07:57:41'),
(377, 126, 903, 3, 'OK', 1019742, '2020-04-14 07:57:41', '2020-04-14 07:57:41'),
(378, 126, 374, 7, 'OK', 4172644, '2020-04-14 07:57:41', '2020-04-14 07:57:41'),
(379, 127, 823, 2, 'OK', 263424, '2020-04-14 07:57:41', '2020-04-14 07:57:41'),
(380, 127, 110, 7, 'OK', 3299905, '2020-04-14 07:57:41', '2020-04-14 07:57:41'),
(381, 127, 534, 8, 'OK', 4719104, '2020-04-14 07:57:41', '2020-04-14 07:57:41'),
(382, 128, 121, 7, 'OK', 3299905, '2020-04-14 07:57:41', '2020-04-14 07:57:41'),
(383, 128, 360, 5, 'OK', 2980460, '2020-04-14 07:57:41', '2020-04-14 07:57:41'),
(384, 128, 515, 3, 'OK', 1769664, '2020-04-14 07:57:41', '2020-04-14 07:57:41'),
(385, 129, 896, 4, 'OK', 1359656, '2020-04-14 07:57:41', '2020-04-14 07:57:41'),
(386, 129, 1044, 3, 'OK', 744249, '2020-04-14 07:57:41', '2020-04-14 07:57:41'),
(387, 129, 493, 9, 'OK', 5308992, '2020-04-14 07:57:41', '2020-04-14 07:57:41'),
(388, 130, 705, 7, 'OK', 3990245, '2020-04-14 07:57:42', '2020-04-14 07:57:42'),
(389, 130, 525, 10, 'OK', 5898880, '2020-04-14 07:57:42', '2020-04-14 07:57:42'),
(390, 130, 1161, 2, 'OK', 597766, '2020-04-14 07:57:42', '2020-04-14 07:57:42'),
(391, 131, 241, 7, 'OK', 5458999, '2020-04-14 07:57:42', '2020-04-14 07:57:42'),
(392, 131, 106, 10, 'OK', 4714150, '2020-04-14 07:57:42', '2020-04-14 07:57:42'),
(393, 131, 688, 3, 'OK', 1710105, '2020-04-14 07:57:42', '2020-04-14 07:57:42'),
(394, 132, 391, 4, 'OK', 2384368, '2020-04-14 07:57:42', '2020-04-14 07:57:42'),
(395, 132, 358, 9, 'OK', 5364828, '2020-04-14 07:57:42', '2020-04-14 07:57:42'),
(396, 132, 834, 3, 'OK', 395136, '2020-04-14 07:57:42', '2020-04-14 07:57:42'),
(397, 133, 530, 2, 'OK', 1179776, '2020-04-14 07:57:42', '2020-04-14 07:57:42'),
(398, 133, 235, 10, 'OK', 7798570, '2020-04-14 07:57:42', '2020-04-14 07:57:42'),
(399, 133, 401, 10, 'OK', 5960920, '2020-04-14 07:57:42', '2020-04-14 07:57:42'),
(400, 134, 229, 1, 'OK', 779857, '2020-04-14 07:57:42', '2020-04-14 07:57:42'),
(401, 134, 138, 5, 'OK', 2357075, '2020-04-14 07:57:42', '2020-04-14 07:57:42'),
(402, 134, 928, 1, 'OK', 339914, '2020-04-14 07:57:42', '2020-04-14 07:57:42'),
(403, 135, 811, 7, 'OK', 921984, '2020-04-14 07:57:42', '2020-04-14 07:57:42'),
(404, 135, 151, 6, 'OK', 2828490, '2020-04-14 07:57:42', '2020-04-14 07:57:42'),
(405, 135, 114, 10, 'OK', 4714150, '2020-04-14 07:57:42', '2020-04-14 07:57:42'),
(406, 136, 992, 4, 'OK', 1359656, '2020-04-14 07:57:42', '2020-04-14 07:57:42'),
(407, 136, 231, 8, 'OK', 6238856, '2020-04-14 07:57:42', '2020-04-14 07:57:42'),
(408, 136, 295, 7, 'OK', 5458999, '2020-04-14 07:57:42', '2020-04-14 07:57:42'),
(409, 137, 484, 8, 'OK', 4719104, '2020-04-14 07:57:42', '2020-04-14 07:57:42'),
(410, 137, 890, 9, 'OK', 3059226, '2020-04-14 07:57:42', '2020-04-14 07:57:42'),
(411, 137, 992, 4, 'OK', 1359656, '2020-04-14 07:57:42', '2020-04-14 07:57:42'),
(412, 138, 1036, 2, 'OK', 496166, '2020-04-14 07:57:43', '2020-04-14 07:57:43'),
(413, 138, 879, 6, 'OK', 790272, '2020-04-14 07:57:43', '2020-04-14 07:57:43'),
(414, 138, 3, 2, 'OK', 970836, '2020-04-14 07:57:43', '2020-04-14 07:57:43'),
(415, 139, 716, 6, 'OK', 3420210, '2020-04-14 07:57:43', '2020-04-14 07:57:43'),
(416, 139, 235, 3, 'OK', 2339571, '2020-04-14 07:57:43', '2020-04-14 07:57:43'),
(417, 139, 364, 2, 'OK', 1192184, '2020-04-14 07:57:43', '2020-04-14 07:57:43'),
(418, 140, 488, 10, 'OK', 5898880, '2020-04-14 07:57:43', '2020-04-14 07:57:43'),
(419, 140, 491, 2, 'OK', 1179776, '2020-04-14 07:57:43', '2020-04-14 07:57:43'),
(420, 140, 879, 3, 'OK', 395136, '2020-04-14 07:57:43', '2020-04-14 07:57:43'),
(421, 141, 817, 3, 'OK', 395136, '2020-04-14 07:57:43', '2020-04-14 07:57:43'),
(422, 141, 1177, 9, 'OK', 2689947, '2020-04-14 07:57:43', '2020-04-14 07:57:43'),
(423, 141, 896, 7, 'OK', 2379398, '2020-04-14 07:57:43', '2020-04-14 07:57:43'),
(424, 142, 10, 3, 'OK', 1456254, '2020-04-14 07:57:43', '2020-04-14 07:57:43'),
(425, 142, 718, 2, 'OK', 1140070, '2020-04-14 07:57:43', '2020-04-14 07:57:43'),
(426, 142, 719, 4, 'OK', 2280140, '2020-04-14 07:57:43', '2020-04-14 07:57:43'),
(427, 143, 738, 9, 'OK', 5130315, '2020-04-14 07:57:43', '2020-04-14 07:57:43'),
(428, 143, 325, 7, 'OK', 5458999, '2020-04-14 07:57:43', '2020-04-14 07:57:43'),
(429, 143, 255, 4, 'OK', 3119428, '2020-04-14 07:57:43', '2020-04-14 07:57:43'),
(430, 144, 252, 9, 'OK', 7018713, '2020-04-14 07:57:43', '2020-04-14 07:57:43'),
(431, 144, 694, 7, 'OK', 3990245, '2020-04-14 07:57:43', '2020-04-14 07:57:43'),
(432, 144, 1186, 6, 'OK', 1793298, '2020-04-14 07:57:43', '2020-04-14 07:57:43'),
(433, 145, 115, 10, 'OK', 4714150, '2020-04-14 07:57:43', '2020-04-14 07:57:43'),
(434, 145, 1058, 1, 'OK', 248083, '2020-04-14 07:57:43', '2020-04-14 07:57:43'),
(435, 145, 1167, 1, 'OK', 298883, '2020-04-14 07:57:43', '2020-04-14 07:57:43'),
(436, 146, 8, 4, 'OK', 1941672, '2020-04-14 07:57:43', '2020-04-14 07:57:43'),
(437, 146, 834, 5, 'OK', 658560, '2020-04-14 07:57:43', '2020-04-14 07:57:43'),
(438, 146, 255, 10, 'OK', 7798570, '2020-04-14 07:57:43', '2020-04-14 07:57:43'),
(439, 147, 1179, 9, 'OK', 2689947, '2020-04-14 07:57:43', '2020-04-14 07:57:43'),
(440, 147, 1150, 8, 'OK', 2391064, '2020-04-14 07:57:43', '2020-04-14 07:57:43'),
(441, 147, 1070, 10, 'OK', 2480830, '2020-04-14 07:57:43', '2020-04-14 07:57:43'),
(442, 148, 900, 8, 'OK', 2719312, '2020-04-14 07:57:43', '2020-04-14 07:57:43'),
(443, 148, 928, 6, 'OK', 2039484, '2020-04-14 07:57:44', '2020-04-14 07:57:44'),
(444, 148, 16, 3, 'OK', 1456254, '2020-04-14 07:57:44', '2020-04-14 07:57:44'),
(445, 149, 1175, 8, 'OK', 2391064, '2020-04-14 07:57:44', '2020-04-14 07:57:44'),
(446, 149, 781, 3, 'OK', 1710105, '2020-04-14 07:57:44', '2020-04-14 07:57:44'),
(447, 149, 286, 2, 'OK', 1559714, '2020-04-14 07:57:44', '2020-04-14 07:57:44'),
(448, 150, 1041, 6, 'OK', 1488498, '2020-04-14 07:57:44', '2020-04-14 07:57:44'),
(449, 150, 917, 2, 'OK', 679828, '2020-04-14 07:57:44', '2020-04-14 07:57:44'),
(450, 150, 725, 7, 'OK', 3990245, '2020-04-14 07:57:44', '2020-04-14 07:57:44'),
(451, 151, 370, 4, 'OK', 2384368, '2020-04-14 07:57:44', '2020-04-14 07:57:44'),
(452, 151, 909, 6, 'OK', 2039484, '2020-04-14 07:57:44', '2020-04-14 07:57:44'),
(453, 151, 389, 8, 'OK', 4768736, '2020-04-14 07:57:44', '2020-04-14 07:57:44'),
(454, 152, 523, 9, 'OK', 5308992, '2020-04-14 07:57:44', '2020-04-14 07:57:44'),
(455, 152, 1194, 8, 'OK', 2391064, '2020-04-14 07:57:44', '2020-04-14 07:57:44'),
(456, 152, 125, 4, 'OK', 1885660, '2020-04-14 07:57:44', '2020-04-14 07:57:44'),
(457, 153, 102, 9, 'OK', 4368762, '2020-04-14 07:57:44', '2020-04-14 07:57:44'),
(458, 153, 1191, 3, 'OK', 896649, '2020-04-14 07:57:44', '2020-04-14 07:57:44'),
(459, 153, 716, 4, 'OK', 2280140, '2020-04-14 07:57:44', '2020-04-14 07:57:44'),
(460, 154, 489, 4, 'OK', 2359552, '2020-04-14 07:57:44', '2020-04-14 07:57:44'),
(461, 154, 111, 3, 'OK', 1414245, '2020-04-14 07:57:44', '2020-04-14 07:57:44'),
(462, 154, 233, 9, 'OK', 7018713, '2020-04-14 07:57:44', '2020-04-14 07:57:44'),
(463, 155, 228, 3, 'OK', 2339571, '2020-04-14 07:57:44', '2020-04-14 07:57:44'),
(464, 155, 515, 9, 'OK', 5308992, '2020-04-14 07:57:44', '2020-04-14 07:57:44'),
(465, 155, 348, 1, 'OK', 779857, '2020-04-14 07:57:44', '2020-04-14 07:57:44'),
(466, 156, 855, 5, 'OK', 658560, '2020-04-14 07:57:45', '2020-04-14 07:57:45'),
(467, 156, 530, 5, 'OK', 2949440, '2020-04-14 07:57:45', '2020-04-14 07:57:45'),
(468, 156, 325, 9, 'OK', 7018713, '2020-04-14 07:57:45', '2020-04-14 07:57:45'),
(469, 157, 61, 2, 'OK', 970836, '2020-04-14 07:57:45', '2020-04-14 07:57:45'),
(470, 157, 1105, 1, 'OK', 248083, '2020-04-14 07:57:45', '2020-04-14 07:57:45'),
(471, 157, 688, 8, 'OK', 4560280, '2020-04-14 07:57:45', '2020-04-14 07:57:45'),
(472, 158, 233, 8, 'OK', 6238856, '2020-04-14 07:57:45', '2020-04-14 07:57:45'),
(473, 158, 397, 1, 'OK', 596092, '2020-04-14 07:57:45', '2020-04-14 07:57:45'),
(474, 158, 1058, 6, 'OK', 1488498, '2020-04-14 07:57:45', '2020-04-14 07:57:45'),
(475, 159, 1083, 7, 'OK', 1736581, '2020-04-14 07:57:45', '2020-04-14 07:57:45'),
(476, 159, 29, 8, 'OK', 3883344, '2020-04-14 07:57:45', '2020-04-14 07:57:45'),
(477, 159, 1157, 10, 'OK', 2988830, '2020-04-14 07:57:45', '2020-04-14 07:57:45'),
(478, 160, 216, 7, 'OK', 3299905, '2020-04-14 07:57:45', '2020-04-14 07:57:45'),
(479, 160, 102, 6, 'OK', 2912508, '2020-04-14 07:57:45', '2020-04-14 07:57:45'),
(480, 160, 708, 2, 'OK', 1140070, '2020-04-14 07:57:45', '2020-04-14 07:57:45'),
(481, 161, 699, 7, 'OK', 3990245, '2020-04-14 07:57:45', '2020-04-14 07:57:45'),
(482, 161, 716, 4, 'OK', 2280140, '2020-04-14 07:57:45', '2020-04-14 07:57:45'),
(483, 161, 11, 5, 'OK', 2427090, '2020-04-14 07:57:45', '2020-04-14 07:57:45'),
(484, 162, 1044, 6, 'OK', 1488498, '2020-04-14 07:57:45', '2020-04-14 07:57:45'),
(485, 162, 355, 9, 'OK', 5364828, '2020-04-14 07:57:45', '2020-04-14 07:57:45'),
(486, 162, 689, 3, 'OK', 1710105, '2020-04-14 07:57:45', '2020-04-14 07:57:45'),
(487, 163, 28, 5, 'OK', 2427090, '2020-04-14 07:57:45', '2020-04-14 07:57:45'),
(488, 163, 765, 1, 'OK', 570035, '2020-04-14 07:57:45', '2020-04-14 07:57:45'),
(489, 163, 29, 2, 'OK', 970836, '2020-04-14 07:57:45', '2020-04-14 07:57:45'),
(490, 164, 1188, 9, 'OK', 2689947, '2020-04-14 07:57:45', '2020-04-14 07:57:45'),
(491, 164, 868, 4, 'OK', 526848, '2020-04-14 07:57:45', '2020-04-14 07:57:45'),
(492, 164, 115, 6, 'OK', 2828490, '2020-04-14 07:57:45', '2020-04-14 07:57:45'),
(493, 165, 1167, 10, 'OK', 2988830, '2020-04-14 07:57:45', '2020-04-14 07:57:45'),
(494, 165, 506, 6, 'OK', 3539328, '2020-04-14 07:57:45', '2020-04-14 07:57:45'),
(495, 165, 1048, 3, 'OK', 744249, '2020-04-14 07:57:45', '2020-04-14 07:57:45'),
(496, 166, 1079, 7, 'OK', 1736581, '2020-04-14 07:57:45', '2020-04-14 07:57:45'),
(497, 166, 1075, 2, 'OK', 496166, '2020-04-14 07:57:45', '2020-04-14 07:57:45'),
(498, 166, 120, 1, 'OK', 471415, '2020-04-14 07:57:45', '2020-04-14 07:57:45'),
(499, 167, 914, 9, 'OK', 3059226, '2020-04-14 07:57:45', '2020-04-14 07:57:45'),
(500, 167, 359, 10, 'OK', 5960920, '2020-04-14 07:57:45', '2020-04-14 07:57:45'),
(501, 167, 738, 7, 'OK', 3990245, '2020-04-14 07:57:46', '2020-04-14 07:57:46'),
(502, 168, 718, 10, 'OK', 5700350, '2020-04-14 07:57:46', '2020-04-14 07:57:46'),
(503, 168, 1203, 9, 'OK', 2689947, '2020-04-14 07:57:46', '2020-04-14 07:57:46'),
(504, 168, 117, 3, 'OK', 1414245, '2020-04-14 07:57:46', '2020-04-14 07:57:46'),
(505, 169, 1082, 1, 'OK', 248083, '2020-04-14 07:57:46', '2020-04-14 07:57:46'),
(506, 169, 811, 6, 'OK', 790272, '2020-04-14 07:57:46', '2020-04-14 07:57:46'),
(507, 169, 1161, 6, 'OK', 1793298, '2020-04-14 07:57:46', '2020-04-14 07:57:46'),
(508, 170, 903, 5, 'OK', 1699570, '2020-04-14 07:57:46', '2020-04-14 07:57:46'),
(509, 170, 694, 8, 'OK', 4560280, '2020-04-14 07:57:46', '2020-04-14 07:57:46'),
(510, 170, 689, 6, 'OK', 3420210, '2020-04-14 07:57:46', '2020-04-14 07:57:46'),
(511, 171, 1154, 5, 'OK', 1494415, '2020-04-14 07:57:46', '2020-04-14 07:57:46'),
(512, 171, 360, 7, 'OK', 4172644, '2020-04-14 07:57:46', '2020-04-14 07:57:46'),
(513, 171, 427, 5, 'OK', 2980460, '2020-04-14 07:57:46', '2020-04-14 07:57:46'),
(514, 172, 1083, 10, 'OK', 2480830, '2020-04-14 07:57:46', '2020-04-14 07:57:46'),
(515, 172, 490, 3, 'OK', 1769664, '2020-04-14 07:57:46', '2020-04-14 07:57:46'),
(516, 172, 106, 10, 'OK', 4714150, '2020-04-14 07:57:46', '2020-04-14 07:57:46'),
(517, 173, 545, 8, 'OK', 4719104, '2020-04-14 07:57:47', '2020-04-14 07:57:47'),
(518, 173, 525, 1, 'OK', 589888, '2020-04-14 07:57:47', '2020-04-14 07:57:47'),
(519, 173, 245, 1, 'OK', 779857, '2020-04-14 07:57:47', '2020-04-14 07:57:47'),
(520, 174, 28, 9, 'OK', 4368762, '2020-04-14 07:57:47', '2020-04-14 07:57:47'),
(521, 174, 1075, 3, 'OK', 744249, '2020-04-14 07:57:47', '2020-04-14 07:57:47'),
(522, 174, 816, 9, 'OK', 1185408, '2020-04-14 07:57:47', '2020-04-14 07:57:47'),
(523, 175, 484, 1, 'OK', 589888, '2020-04-14 07:57:47', '2020-04-14 07:57:47'),
(524, 175, 12, 10, 'OK', 4854180, '2020-04-14 07:57:47', '2020-04-14 07:57:47'),
(525, 175, 16, 1, 'OK', 485418, '2020-04-14 07:57:47', '2020-04-14 07:57:47'),
(526, 176, 799, 5, 'OK', 2850175, '2020-04-14 07:57:47', '2020-04-14 07:57:47'),
(527, 176, 1186, 4, 'OK', 1195532, '2020-04-14 07:57:47', '2020-04-14 07:57:47'),
(528, 176, 360, 7, 'OK', 4172644, '2020-04-14 07:57:47', '2020-04-14 07:57:47'),
(529, 177, 685, 10, 'OK', 5898880, '2020-04-14 07:57:47', '2020-04-14 07:57:47'),
(530, 177, 496, 4, 'OK', 2359552, '2020-04-14 07:57:47', '2020-04-14 07:57:47'),
(531, 177, 1203, 3, 'OK', 896649, '2020-04-14 07:57:47', '2020-04-14 07:57:47'),
(532, 178, 1140, 3, 'OK', 896649, '2020-04-14 07:57:47', '2020-04-14 07:57:47'),
(533, 178, 904, 1, 'OK', 339914, '2020-04-14 07:57:47', '2020-04-14 07:57:47'),
(534, 178, 160, 1, 'OK', 471415, '2020-04-14 07:57:47', '2020-04-14 07:57:47'),
(535, 179, 397, 3, 'OK', 1788276, '2020-04-14 07:57:47', '2020-04-14 07:57:47'),
(536, 179, 836, 6, 'OK', 790272, '2020-04-14 07:57:47', '2020-04-14 07:57:47'),
(537, 179, 954, 2, 'OK', 679828, '2020-04-14 07:57:47', '2020-04-14 07:57:47'),
(538, 180, 118, 1, 'OK', 471415, '2020-04-14 07:57:47', '2020-04-14 07:57:47'),
(539, 180, 490, 4, 'OK', 2359552, '2020-04-14 07:57:47', '2020-04-14 07:57:47'),
(540, 180, 826, 4, 'OK', 526848, '2020-04-14 07:57:47', '2020-04-14 07:57:47'),
(541, 181, 549, 3, 'OK', 1769664, '2020-04-14 07:57:47', '2020-04-14 07:57:47'),
(542, 181, 902, 6, 'OK', 2039484, '2020-04-14 07:57:47', '2020-04-14 07:57:47'),
(543, 181, 28, 9, 'OK', 4368762, '2020-04-14 07:57:47', '2020-04-14 07:57:47'),
(544, 182, 355, 4, 'OK', 2384368, '2020-04-14 07:57:48', '2020-04-14 07:57:48'),
(545, 182, 919, 9, 'OK', 3059226, '2020-04-14 07:57:48', '2020-04-14 07:57:48'),
(546, 182, 829, 3, 'OK', 395136, '2020-04-14 07:57:48', '2020-04-14 07:57:48'),
(547, 183, 826, 1, 'OK', 131712, '2020-04-14 07:57:48', '2020-04-14 07:57:48'),
(548, 183, 911, 10, 'OK', 3399140, '2020-04-14 07:57:48', '2020-04-14 07:57:48'),
(549, 183, 842, 10, 'OK', 1317120, '2020-04-14 07:57:48', '2020-04-14 07:57:48'),
(550, 184, 364, 2, 'OK', 1192184, '2020-04-14 07:57:48', '2020-04-14 07:57:48'),
(551, 184, 1075, 5, 'OK', 1240415, '2020-04-14 07:57:48', '2020-04-14 07:57:48'),
(552, 184, 117, 4, 'OK', 1885660, '2020-04-14 07:57:48', '2020-04-14 07:57:48'),
(553, 185, 930, 1, 'OK', 339914, '2020-04-14 07:57:48', '2020-04-14 07:57:48'),
(554, 185, 1117, 7, 'OK', 1736581, '2020-04-14 07:57:48', '2020-04-14 07:57:48'),
(555, 185, 1182, 3, 'OK', 896649, '2020-04-14 07:57:48', '2020-04-14 07:57:48'),
(556, 186, 928, 8, 'OK', 2719312, '2020-04-14 07:57:48', '2020-04-14 07:57:48'),
(557, 186, 1053, 4, 'OK', 992332, '2020-04-14 07:57:48', '2020-04-14 07:57:48'),
(558, 186, 868, 6, 'OK', 790272, '2020-04-14 07:57:48', '2020-04-14 07:57:48'),
(559, 187, 485, 3, 'OK', 1769664, '2020-04-14 07:57:48', '2020-04-14 07:57:48'),
(560, 187, 138, 1, 'OK', 471415, '2020-04-14 07:57:48', '2020-04-14 07:57:48'),
(561, 187, 1224, 6, 'OK', 1793298, '2020-04-14 07:57:48', '2020-04-14 07:57:48'),
(562, 188, 17, 9, 'OK', 4368762, '2020-04-14 07:57:48', '2020-04-14 07:57:48'),
(563, 188, 18, 2, 'OK', 970836, '2020-04-14 07:57:48', '2020-04-14 07:57:48'),
(564, 188, 233, 6, 'OK', 4679142, '2020-04-14 07:57:48', '2020-04-14 07:57:48'),
(565, 189, 687, 9, 'OK', 5130315, '2020-04-14 07:57:48', '2020-04-14 07:57:48'),
(566, 189, 246, 2, 'OK', 1559714, '2020-04-14 07:57:48', '2020-04-14 07:57:48'),
(567, 189, 799, 5, 'OK', 2850175, '2020-04-14 07:57:48', '2020-04-14 07:57:48'),
(568, 190, 8, 9, 'OK', 4368762, '2020-04-14 07:57:49', '2020-04-14 07:57:49'),
(569, 190, 255, 2, 'OK', 1559714, '2020-04-14 07:57:49', '2020-04-14 07:57:49'),
(570, 190, 272, 5, 'OK', 3899285, '2020-04-14 07:57:49', '2020-04-14 07:57:49'),
(571, 191, 258, 10, 'OK', 7798570, '2020-04-14 07:57:49', '2020-04-14 07:57:49'),
(572, 191, 286, 1, 'OK', 779857, '2020-04-14 07:57:49', '2020-04-14 07:57:49'),
(573, 191, 495, 8, 'OK', 4719104, '2020-04-14 07:57:49', '2020-04-14 07:57:49'),
(574, 192, 367, 2, 'OK', 1192184, '2020-04-14 07:57:49', '2020-04-14 07:57:49'),
(575, 192, 367, 5, 'OK', 2980460, '2020-04-14 07:57:49', '2020-04-14 07:57:49'),
(576, 192, 545, 2, 'OK', 1179776, '2020-04-14 07:57:49', '2020-04-14 07:57:49'),
(577, 193, 927, 2, 'OK', 679828, '2020-04-14 07:57:49', '2020-04-14 07:57:49'),
(578, 193, 266, 8, 'OK', 6238856, '2020-04-14 07:57:49', '2020-04-14 07:57:49'),
(579, 193, 1074, 4, 'OK', 992332, '2020-04-14 07:57:49', '2020-04-14 07:57:49'),
(580, 194, 515, 7, 'OK', 4129216, '2020-04-14 07:57:49', '2020-04-14 07:57:49'),
(581, 194, 879, 9, 'OK', 1185408, '2020-04-14 07:57:49', '2020-04-14 07:57:49'),
(582, 194, 246, 9, 'OK', 7018713, '2020-04-14 07:57:49', '2020-04-14 07:57:49'),
(583, 195, 366, 2, 'OK', 1192184, '2020-04-14 07:57:49', '2020-04-14 07:57:49'),
(584, 195, 875, 4, 'OK', 526848, '2020-04-14 07:57:49', '2020-04-14 07:57:49'),
(585, 195, 689, 1, 'OK', 570035, '2020-04-14 07:57:49', '2020-04-14 07:57:49'),
(586, 196, 829, 6, 'OK', 790272, '2020-04-14 07:57:49', '2020-04-14 07:57:49'),
(587, 196, 491, 8, 'OK', 4719104, '2020-04-14 07:57:49', '2020-04-14 07:57:49'),
(588, 196, 712, 1, 'OK', 570035, '2020-04-14 07:57:49', '2020-04-14 07:57:49'),
(589, 197, 216, 6, 'OK', 2828490, '2020-04-14 07:57:49', '2020-04-14 07:57:49'),
(590, 197, 911, 6, 'OK', 2039484, '2020-04-14 07:57:49', '2020-04-14 07:57:49'),
(591, 197, 492, 7, 'OK', 4129216, '2020-04-14 07:57:49', '2020-04-14 07:57:49'),
(592, 198, 118, 1, 'OK', 471415, '2020-04-14 07:57:50', '2020-04-14 07:57:50'),
(593, 198, 1149, 6, 'OK', 1793298, '2020-04-14 07:57:50', '2020-04-14 07:57:50'),
(594, 198, 190, 3, 'OK', 1414245, '2020-04-14 07:57:50', '2020-04-14 07:57:50'),
(595, 199, 1050, 1, 'OK', 248083, '2020-04-14 07:57:50', '2020-04-14 07:57:50'),
(596, 199, 374, 2, 'OK', 1192184, '2020-04-14 07:57:50', '2020-04-14 07:57:50'),
(597, 199, 1194, 9, 'OK', 2689947, '2020-04-14 07:57:50', '2020-04-14 07:57:50'),
(598, 200, 255, 1, 'OK', 779857, '2020-04-14 07:57:50', '2020-04-14 07:57:50'),
(599, 200, 1165, 10, 'OK', 2988830, '2020-04-14 07:57:50', '2020-04-14 07:57:50'),
(600, 200, 829, 3, 'OK', 395136, '2020-04-14 07:57:50', '2020-04-14 07:57:50');

-- --------------------------------------------------------

--
-- Table structure for table `users`
--

CREATE TABLE `users` (
  `id` bigint(20) UNSIGNED NOT NULL,
  `name` varchar(255) COLLATE utf8mb4_unicode_ci NOT NULL,
  `email` varchar(255) COLLATE utf8mb4_unicode_ci NOT NULL,
  `email_verified_at` timestamp NULL DEFAULT NULL,
  `password` varchar(255) COLLATE utf8mb4_unicode_ci NOT NULL,
  `role` varchar(255) COLLATE utf8mb4_unicode_ci NOT NULL DEFAULT 'sales',
  `remember_token` varchar(100) COLLATE utf8mb4_unicode_ci DEFAULT NULL,
  `created_at` timestamp NULL DEFAULT NULL,
  `updated_at` timestamp NULL DEFAULT NULL
) ENGINE=InnoDB DEFAULT CHARSET=utf8mb4 COLLATE=utf8mb4_unicode_ci;

--
-- Dumping data for table `users`
--

INSERT INTO `users` (`id`, `name`, `email`, `email_verified_at`, `password`, `role`, `remember_token`, `created_at`, `updated_at`) VALUES
(1, 'Owner', 'owner@atalla.com', NULL, '$2y$10$Wq.3uNw.VS25i0He69XNG.0Evo6LWggruaY.VXb7fK4LLHKi7vUUe', 'owner', NULL, '2020-04-14 07:52:41', '2020-04-14 07:52:41'),
(2, 'Sales', 'sales@atalla.com', NULL, '$2y$10$Ty20X8z4xIKu2YC3U.Fq2u9L0RM7QuvVuWOf4LzKQrCYKJWHQrZGa', 'sales', NULL, '2020-04-14 07:52:42', '2020-04-14 07:52:42');

--
-- Indexes for dumped tables
--

--
-- Indexes for table `counters`
--
ALTER TABLE `counters`
  ADD PRIMARY KEY (`id`);

--
-- Indexes for table `customers`
--
ALTER TABLE `customers`
  ADD PRIMARY KEY (`id`);

--
-- Indexes for table `inventories`
--
ALTER TABLE `inventories`
  ADD PRIMARY KEY (`id`),
  ADD UNIQUE KEY `inventories_product_id_size_color_unique` (`product_id`,`size`,`color`);

--
-- Indexes for table `migrations`
--
ALTER TABLE `migrations`
  ADD PRIMARY KEY (`id`);

--
-- Indexes for table `products`
--
ALTER TABLE `products`
  ADD PRIMARY KEY (`id`);

--
-- Indexes for table `purchases`
--
ALTER TABLE `purchases`
  ADD PRIMARY KEY (`id`),
  ADD KEY `purchases_customer_id_foreign` (`customer_id`),
  ADD KEY `purchases_sales_id_foreign` (`sales_id`);

--
-- Indexes for table `purchase_details`
--
ALTER TABLE `purchase_details`
  ADD PRIMARY KEY (`id`),
  ADD KEY `purchase_details_purchase_id_foreign` (`purchase_id`),
  ADD KEY `purchase_details_inventory_id_foreign` (`inventory_id`);

--
-- Indexes for table `users`
--
ALTER TABLE `users`
  ADD PRIMARY KEY (`id`),
  ADD UNIQUE KEY `users_email_unique` (`email`);

--
-- AUTO_INCREMENT for dumped tables
--

--
-- AUTO_INCREMENT for table `counters`
--
ALTER TABLE `counters`
  MODIFY `id` int(10) UNSIGNED NOT NULL AUTO_INCREMENT, AUTO_INCREMENT=2;

--
-- AUTO_INCREMENT for table `customers`
--
ALTER TABLE `customers`
  MODIFY `id` bigint(20) UNSIGNED NOT NULL AUTO_INCREMENT, AUTO_INCREMENT=12;

--
-- AUTO_INCREMENT for table `inventories`
--
ALTER TABLE `inventories`
  MODIFY `id` bigint(20) UNSIGNED NOT NULL AUTO_INCREMENT, AUTO_INCREMENT=1285;

--
-- AUTO_INCREMENT for table `migrations`
--
ALTER TABLE `migrations`
  MODIFY `id` int(10) UNSIGNED NOT NULL AUTO_INCREMENT, AUTO_INCREMENT=11;

--
-- AUTO_INCREMENT for table `products`
--
ALTER TABLE `products`
  MODIFY `id` bigint(20) UNSIGNED NOT NULL AUTO_INCREMENT, AUTO_INCREMENT=11;

--
-- AUTO_INCREMENT for table `purchases`
--
ALTER TABLE `purchases`
  MODIFY `id` bigint(20) UNSIGNED NOT NULL AUTO_INCREMENT, AUTO_INCREMENT=201;

--
-- AUTO_INCREMENT for table `purchase_details`
--
ALTER TABLE `purchase_details`
  MODIFY `id` bigint(20) UNSIGNED NOT NULL AUTO_INCREMENT, AUTO_INCREMENT=601;

--
-- AUTO_INCREMENT for table `users`
--
ALTER TABLE `users`
  MODIFY `id` bigint(20) UNSIGNED NOT NULL AUTO_INCREMENT, AUTO_INCREMENT=3;

--
-- Constraints for dumped tables
--

--
-- Constraints for table `inventories`
--
ALTER TABLE `inventories`
  ADD CONSTRAINT `inventories_product_id_foreign` FOREIGN KEY (`product_id`) REFERENCES `products` (`id`);

--
-- Constraints for table `purchases`
--
ALTER TABLE `purchases`
  ADD CONSTRAINT `purchases_customer_id_foreign` FOREIGN KEY (`customer_id`) REFERENCES `customers` (`id`),
  ADD CONSTRAINT `purchases_sales_id_foreign` FOREIGN KEY (`sales_id`) REFERENCES `users` (`id`);

--
-- Constraints for table `purchase_details`
--
ALTER TABLE `purchase_details`
  ADD CONSTRAINT `purchase_details_inventory_id_foreign` FOREIGN KEY (`inventory_id`) REFERENCES `inventories` (`id`),
  ADD CONSTRAINT `purchase_details_purchase_id_foreign` FOREIGN KEY (`purchase_id`) REFERENCES `purchases` (`id`);
COMMIT;

/*!40101 SET CHARACTER_SET_CLIENT=@OLD_CHARACTER_SET_CLIENT */;
/*!40101 SET CHARACTER_SET_RESULTS=@OLD_CHARACTER_SET_RESULTS */;
/*!40101 SET COLLATION_CONNECTION=@OLD_COLLATION_CONNECTION */;
