-- phpMyAdmin SQL Dump
-- version 5.0.1
-- https://www.phpmyadmin.net/
--
-- Host: 127.0.0.1
-- Generation Time: Mar 27, 2020 at 08:26 AM
-- Server version: 10.4.11-MariaDB
-- PHP Version: 7.4.3

SET SQL_MODE = "NO_AUTO_VALUE_ON_ZERO";
SET AUTOCOMMIT = 0;
START TRANSACTION;
SET time_zone = "+00:00";


/*!40101 SET @OLD_CHARACTER_SET_CLIENT=@@CHARACTER_SET_CLIENT */;
/*!40101 SET @OLD_CHARACTER_SET_RESULTS=@@CHARACTER_SET_RESULTS */;
/*!40101 SET @OLD_COLLATION_CONNECTION=@@COLLATION_CONNECTION */;
/*!40101 SET NAMES utf8mb4 */;

--
-- Database: `atalla_test`
--

-- --------------------------------------------------------

--
-- Table structure for table `counters`
--

CREATE TABLE `counters` (
  `id` int(10) UNSIGNED NOT NULL,
  `name` varchar(191) COLLATE utf8mb4_unicode_ci NOT NULL,
  `counter` int(11) NOT NULL,
  `notes` varchar(191) COLLATE utf8mb4_unicode_ci DEFAULT NULL,
  `created_at` timestamp NULL DEFAULT NULL,
  `updated_at` timestamp NULL DEFAULT NULL,
  `deleted_at` timestamp NULL DEFAULT NULL
) ENGINE=InnoDB DEFAULT CHARSET=utf8mb4 COLLATE=utf8mb4_unicode_ci;

--
-- Dumping data for table `counters`
--

INSERT INTO `counters` (`id`, `name`, `counter`, `notes`, `created_at`, `updated_at`, `deleted_at`) VALUES
(1, 'SO', 1, '-', '2020-03-26 23:44:46', '2020-03-26 23:44:46', NULL);

-- --------------------------------------------------------

--
-- Table structure for table `customers`
--

CREATE TABLE `customers` (
  `id` bigint(20) UNSIGNED NOT NULL,
  `name` varchar(255) COLLATE utf8mb4_unicode_ci NOT NULL,
  `address` text COLLATE utf8mb4_unicode_ci DEFAULT NULL,
  `province_id` int(11) NOT NULL DEFAULT 9,
  `province_name` varchar(255) COLLATE utf8mb4_unicode_ci NOT NULL DEFAULT 'Jawa Barat',
  `city_id` int(11) NOT NULL DEFAULT 23,
  `city_name` varchar(255) COLLATE utf8mb4_unicode_ci NOT NULL DEFAULT 'Bandung',
  `phone` varchar(255) COLLATE utf8mb4_unicode_ci DEFAULT NULL,
  `status` varchar(255) COLLATE utf8mb4_unicode_ci DEFAULT NULL,
  `created_at` timestamp NULL DEFAULT NULL,
  `updated_at` timestamp NULL DEFAULT NULL
) ENGINE=InnoDB DEFAULT CHARSET=utf8mb4 COLLATE=utf8mb4_unicode_ci;

--
-- Dumping data for table `customers`
--

INSERT INTO `customers` (`id`, `name`, `address`, `province_id`, `province_name`, `city_id`, `city_name`, `phone`, `status`, `created_at`, `updated_at`) VALUES
(1, 'Pembeli Retail', NULL, 9, 'Jawa Barat', 23, 'Bandung', NULL, NULL, '2020-03-26 23:44:46', '2020-03-26 23:44:46'),
(2, 'Andre', '9601 Boyle Causeway Suite 757', 8, 'Jambi', 461, 'Tanjung Jabung Timur', '(695) 999-8218 x073', 'Agen', '2020-03-26 23:44:52', '2020-03-26 23:44:52'),
(3, 'Mariane', '383 Ortiz Groves', 10, 'Jawa Tengah', 196, 'Klaten', '304.269.4834 x60916', 'Agen', '2020-03-26 23:44:52', '2020-03-26 23:44:52'),
(4, 'Roma', '326 Colleen Mill', 34, 'Sumatera Utara', 110, 'Dairi', '826-547-9693 x770', 'Distributor', '2020-03-26 23:44:52', '2020-03-26 23:44:52'),
(5, 'Trinity', '52795 Shanelle Union Suite 822', 11, 'Jawa Timur', 74, 'Blitar', '725.622.2959', 'Distributor', '2020-03-26 23:44:52', '2020-03-26 23:44:52'),
(6, 'Lizzie', '7892 Paucek Station Apt. 300', 32, 'Sumatera Barat', 411, 'Sijunjung (Sawah Lunto Sijunjung)', '826-393-2087 x06691', 'Agen', '2020-03-26 23:44:52', '2020-03-26 23:44:52'),
(7, 'Pattie', '999 Junius Light Suite 141', 11, 'Jawa Timur', 178, 'Kediri', '1-514-681-8733 x8656', 'Agen', '2020-03-26 23:44:52', '2020-03-26 23:44:52'),
(8, 'Jakayla', '3286 Brendon Place', 34, 'Sumatera Utara', 325, 'Pakpak Bharat', '691.417.1383', 'Agen', '2020-03-26 23:44:52', '2020-03-26 23:44:52'),
(9, 'Mona', '8960 Grant Hollow', 27, 'Sulawesi Barat', 262, 'Mamasa', '+1-353-254-9341', 'Agen', '2020-03-26 23:44:52', '2020-03-26 23:44:52'),
(10, 'Janis', '5139 Murray Court Suite 264', 24, 'Papua', 499, 'Yahukimo', '(980) 727-0697', 'Distributor', '2020-03-26 23:44:52', '2020-03-26 23:44:52'),
(11, 'Tomas', '91810 Thea Knoll', 7, 'Gorontalo', 361, 'Pohuwato', '+1-336-358-2297', 'Agen', '2020-03-26 23:44:52', '2020-03-26 23:44:52');

-- --------------------------------------------------------

--
-- Table structure for table `inventories`
--

CREATE TABLE `inventories` (
  `id` bigint(20) UNSIGNED NOT NULL,
  `product_id` bigint(20) UNSIGNED NOT NULL,
  `size` varchar(255) COLLATE utf8mb4_unicode_ci NOT NULL,
  `color` varchar(255) COLLATE utf8mb4_unicode_ci NOT NULL,
  `qty` int(11) NOT NULL,
  `qty_hold` int(11) NOT NULL DEFAULT 0,
  `created_at` timestamp NULL DEFAULT NULL,
  `updated_at` timestamp NULL DEFAULT NULL
) ENGINE=InnoDB DEFAULT CHARSET=utf8mb4 COLLATE=utf8mb4_unicode_ci;

--
-- Dumping data for table `inventories`
--

INSERT INTO `inventories` (`id`, `product_id`, `size`, `color`, `qty`, `qty_hold`, `created_at`, `updated_at`) VALUES
(1, 1, 'XS', 'Putih', 40, 0, '2020-03-26 23:44:52', '2020-03-26 23:44:52'),
(2, 1, 'XL', 'Coklat', 82, 0, '2020-03-26 23:44:52', '2020-03-26 23:44:52'),
(3, 1, 'M', 'Merah', 12, 0, '2020-03-26 23:44:52', '2020-03-26 23:44:52'),
(4, 1, 'M', 'Hijau', 84, 0, '2020-03-26 23:44:52', '2020-03-26 23:44:52'),
(5, 1, 'XS', 'Hijau', 99, 0, '2020-03-26 23:44:52', '2020-03-26 23:44:52'),
(6, 1, 'L', 'Coklat', 45, 0, '2020-03-26 23:44:52', '2020-03-26 23:44:52'),
(7, 1, 'L', 'Hijau', 29, 0, '2020-03-26 23:44:53', '2020-03-26 23:44:53'),
(8, 1, 'L', 'Hitam', 59, 0, '2020-03-26 23:44:53', '2020-03-26 23:44:53'),
(9, 1, 'XS', 'Merah', 70, 0, '2020-03-26 23:44:53', '2020-03-26 23:44:53'),
(10, 1, 'S', 'Putih', 58, 0, '2020-03-26 23:44:53', '2020-03-26 23:44:53'),
(12, 1, 'XS', 'Hitam', 56, 0, '2020-03-26 23:44:53', '2020-03-26 23:44:53'),
(13, 1, 'S', 'Merah', 93, 0, '2020-03-26 23:44:53', '2020-03-26 23:44:53'),
(15, 1, 'L', 'Kuning', 34, 0, '2020-03-26 23:44:53', '2020-03-26 23:44:53'),
(16, 1, 'S', 'Hijau', 81, 0, '2020-03-26 23:44:53', '2020-03-26 23:44:53'),
(19, 1, 'M', 'Hitam', 12, 0, '2020-03-26 23:44:53', '2020-03-26 23:44:53'),
(20, 1, 'S', 'Biru', 61, 0, '2020-03-26 23:44:53', '2020-03-26 23:44:53'),
(21, 1, 'XS', 'Biru', 13, 0, '2020-03-26 23:44:53', '2020-03-26 23:44:53'),
(22, 1, 'M', 'Putih', 70, 0, '2020-03-26 23:44:53', '2020-03-26 23:44:53'),
(23, 1, 'L', 'Merah', 76, 0, '2020-03-26 23:44:53', '2020-03-26 23:44:53'),
(24, 1, 'XL', 'Putih', 31, 0, '2020-03-26 23:44:53', '2020-03-26 23:44:53'),
(29, 1, 'M', 'Biru', 94, 0, '2020-03-26 23:44:53', '2020-03-26 23:44:53'),
(33, 1, 'XS', 'Kuning', 23, 0, '2020-03-26 23:44:53', '2020-03-26 23:44:53'),
(39, 1, 'XL', 'Kuning', 39, 0, '2020-03-26 23:44:53', '2020-03-26 23:44:53'),
(42, 1, 'S', 'Coklat', 86, 0, '2020-03-26 23:44:53', '2020-03-26 23:44:53'),
(44, 1, 'S', 'Hitam', 40, 0, '2020-03-26 23:44:53', '2020-03-26 23:44:53'),
(45, 1, 'M', 'Coklat', 58, 0, '2020-03-26 23:44:53', '2020-03-26 23:44:53'),
(48, 1, 'XL', 'Biru', 36, 0, '2020-03-26 23:44:53', '2020-03-26 23:44:53'),
(50, 1, 'L', 'Biru', 24, 0, '2020-03-26 23:44:54', '2020-03-26 23:44:54'),
(52, 1, 'XL', 'Hitam', 49, 0, '2020-03-26 23:44:54', '2020-03-26 23:44:54'),
(57, 1, 'XL', 'Merah', 65, 0, '2020-03-26 23:44:54', '2020-03-26 23:44:54'),
(71, 1, 'S', 'Kuning', 98, 0, '2020-03-26 23:44:54', '2020-03-26 23:44:54'),
(76, 1, 'XL', 'Hijau', 13, 0, '2020-03-26 23:44:54', '2020-03-26 23:44:54'),
(86, 1, 'XS', 'Coklat', 72, 0, '2020-03-26 23:44:54', '2020-03-26 23:44:54'),
(94, 1, 'L', 'Putih', 89, 0, '2020-03-26 23:44:55', '2020-03-26 23:44:55'),
(107, 1, 'M', 'Kuning', 76, 0, '2020-03-26 23:44:55', '2020-03-26 23:44:55'),
(108, 2, 'S', 'Hitam', 57, 0, '2020-03-26 23:44:55', '2020-03-26 23:44:55'),
(109, 2, 'XS', 'Putih', 90, 0, '2020-03-26 23:44:55', '2020-03-26 23:44:55'),
(110, 2, 'XS', 'Merah', 50, 0, '2020-03-26 23:44:55', '2020-03-26 23:44:55'),
(111, 2, 'M', 'Biru', 56, 0, '2020-03-26 23:44:55', '2020-03-26 23:44:55'),
(112, 2, 'XS', 'Hijau', 34, 0, '2020-03-26 23:44:55', '2020-03-26 23:44:55'),
(113, 2, 'XL', 'Putih', 73, 0, '2020-03-26 23:44:55', '2020-03-26 23:44:55'),
(117, 2, 'L', 'Hitam', 57, 0, '2020-03-26 23:44:55', '2020-03-26 23:44:55'),
(118, 2, 'XL', 'Hijau', 73, 0, '2020-03-26 23:44:55', '2020-03-26 23:44:55'),
(120, 2, 'S', 'Kuning', 59, 0, '2020-03-26 23:44:55', '2020-03-26 23:44:55'),
(121, 2, 'S', 'Biru', 57, 0, '2020-03-26 23:44:55', '2020-03-26 23:44:55'),
(122, 2, 'L', 'Kuning', 18, 0, '2020-03-26 23:44:55', '2020-03-26 23:44:55'),
(128, 2, 'XL', 'Kuning', 30, 0, '2020-03-26 23:44:55', '2020-03-26 23:44:55'),
(130, 2, 'S', 'Hijau', 99, 0, '2020-03-26 23:44:55', '2020-03-26 23:44:55'),
(133, 2, 'M', 'Hitam', 41, 0, '2020-03-26 23:44:55', '2020-03-26 23:44:55'),
(134, 2, 'XS', 'Biru', 48, 0, '2020-03-26 23:44:55', '2020-03-26 23:44:55'),
(136, 2, 'XL', 'Hitam', 98, 0, '2020-03-26 23:44:55', '2020-03-26 23:44:55'),
(137, 2, 'L', 'Biru', 39, 0, '2020-03-26 23:44:55', '2020-03-26 23:44:55'),
(139, 2, 'XS', 'Kuning', 61, 0, '2020-03-26 23:44:55', '2020-03-26 23:44:55'),
(140, 2, 'XL', 'Coklat', 23, 0, '2020-03-26 23:44:55', '2020-03-26 23:44:55'),
(146, 2, 'L', 'Putih', 34, 0, '2020-03-26 23:44:55', '2020-03-26 23:44:55'),
(147, 2, 'L', 'Hijau', 25, 0, '2020-03-26 23:44:55', '2020-03-26 23:44:55'),
(150, 2, 'XL', 'Biru', 39, 0, '2020-03-26 23:44:55', '2020-03-26 23:44:55'),
(155, 2, 'S', 'Putih', 54, 0, '2020-03-26 23:44:55', '2020-03-26 23:44:55'),
(157, 2, 'M', 'Coklat', 75, 0, '2020-03-26 23:44:55', '2020-03-26 23:44:55'),
(162, 2, 'M', 'Kuning', 58, 0, '2020-03-26 23:44:55', '2020-03-26 23:44:55'),
(171, 2, 'L', 'Coklat', 63, 0, '2020-03-26 23:44:56', '2020-03-26 23:44:56'),
(172, 2, 'M', 'Merah', 73, 0, '2020-03-26 23:44:56', '2020-03-26 23:44:56'),
(174, 2, 'S', 'Merah', 88, 0, '2020-03-26 23:44:56', '2020-03-26 23:44:56'),
(185, 2, 'XS', 'Coklat', 45, 0, '2020-03-26 23:44:56', '2020-03-26 23:44:56'),
(209, 2, 'S', 'Coklat', 24, 0, '2020-03-26 23:44:56', '2020-03-26 23:44:56'),
(211, 2, 'M', 'Putih', 51, 0, '2020-03-26 23:44:56', '2020-03-26 23:44:56'),
(222, 2, 'L', 'Merah', 73, 0, '2020-03-26 23:44:57', '2020-03-26 23:44:57'),
(223, 2, 'M', 'Hijau', 34, 0, '2020-03-26 23:44:57', '2020-03-26 23:44:57'),
(255, 2, 'XS', 'Hitam', 99, 0, '2020-03-26 23:44:57', '2020-03-26 23:44:57'),
(290, 2, 'XL', 'Merah', 32, 0, '2020-03-26 23:44:58', '2020-03-26 23:44:58'),
(291, 3, 'S', 'Coklat', 94, 0, '2020-03-26 23:44:58', '2020-03-26 23:44:58'),
(292, 3, 'XL', 'Hitam', 79, 0, '2020-03-26 23:44:58', '2020-03-26 23:44:58'),
(293, 3, 'M', 'Coklat', 13, 0, '2020-03-26 23:44:58', '2020-03-26 23:44:58'),
(294, 3, 'M', 'Merah', 28, 0, '2020-03-26 23:44:58', '2020-03-26 23:44:58'),
(295, 3, 'XS', 'Biru', 95, 0, '2020-03-26 23:44:58', '2020-03-26 23:44:58'),
(296, 3, 'L', 'Hijau', 33, 0, '2020-03-26 23:44:58', '2020-03-26 23:44:58'),
(297, 3, 'XS', 'Putih', 28, 0, '2020-03-26 23:44:58', '2020-03-26 23:44:58'),
(298, 3, 'L', 'Hitam', 73, 0, '2020-03-26 23:44:58', '2020-03-26 23:44:58'),
(300, 3, 'S', 'Hitam', 53, 0, '2020-03-26 23:44:58', '2020-03-26 23:44:58'),
(301, 3, 'M', 'Hitam', 49, 0, '2020-03-26 23:44:58', '2020-03-26 23:44:58'),
(302, 3, 'L', 'Putih', 45, 0, '2020-03-26 23:44:58', '2020-03-26 23:44:58'),
(303, 3, 'S', 'Putih', 58, 0, '2020-03-26 23:44:58', '2020-03-26 23:44:58'),
(304, 3, 'M', 'Putih', 83, 0, '2020-03-26 23:44:58', '2020-03-26 23:44:58'),
(305, 3, 'XL', 'Merah', 44, 0, '2020-03-26 23:44:58', '2020-03-26 23:44:58'),
(306, 3, 'XL', 'Putih', 80, 0, '2020-03-26 23:44:58', '2020-03-26 23:44:58'),
(307, 3, 'XL', 'Kuning', 60, 0, '2020-03-26 23:44:58', '2020-03-26 23:44:58'),
(308, 3, 'XS', 'Coklat', 93, 0, '2020-03-26 23:44:58', '2020-03-26 23:44:58'),
(310, 3, 'XL', 'Biru', 79, 0, '2020-03-26 23:44:58', '2020-03-26 23:44:58'),
(311, 3, 'L', 'Merah', 39, 0, '2020-03-26 23:44:58', '2020-03-26 23:44:58'),
(313, 3, 'M', 'Kuning', 48, 0, '2020-03-26 23:44:58', '2020-03-26 23:44:58'),
(318, 3, 'XS', 'Hijau', 41, 0, '2020-03-26 23:44:58', '2020-03-26 23:44:58'),
(322, 3, 'S', 'Merah', 23, 0, '2020-03-26 23:44:58', '2020-03-26 23:44:58'),
(324, 3, 'XS', 'Merah', 17, 0, '2020-03-26 23:44:58', '2020-03-26 23:44:58'),
(326, 3, 'L', 'Kuning', 74, 0, '2020-03-26 23:44:58', '2020-03-26 23:44:58'),
(327, 3, 'S', 'Kuning', 53, 0, '2020-03-26 23:44:58', '2020-03-26 23:44:58'),
(328, 3, 'M', 'Hijau', 66, 0, '2020-03-26 23:44:58', '2020-03-26 23:44:58'),
(330, 3, 'XS', 'Kuning', 57, 0, '2020-03-26 23:44:58', '2020-03-26 23:44:58'),
(332, 3, 'XS', 'Hitam', 67, 0, '2020-03-26 23:44:58', '2020-03-26 23:44:58'),
(346, 3, 'M', 'Biru', 67, 0, '2020-03-26 23:44:59', '2020-03-26 23:44:59'),
(358, 3, 'XL', 'Coklat', 66, 0, '2020-03-26 23:44:59', '2020-03-26 23:44:59'),
(378, 3, 'L', 'Coklat', 21, 0, '2020-03-26 23:44:59', '2020-03-26 23:44:59'),
(387, 3, 'XL', 'Hijau', 77, 0, '2020-03-26 23:44:59', '2020-03-26 23:44:59'),
(392, 3, 'S', 'Hijau', 25, 0, '2020-03-26 23:44:59', '2020-03-26 23:44:59'),
(407, 3, 'L', 'Biru', 96, 0, '2020-03-26 23:45:00', '2020-03-26 23:45:00'),
(410, 3, 'S', 'Biru', 61, 0, '2020-03-26 23:45:00', '2020-03-26 23:45:00'),
(411, 4, 'XL', 'Merah', 22, 0, '2020-03-26 23:45:00', '2020-03-26 23:45:00'),
(412, 4, 'S', 'Hitam', 35, 0, '2020-03-26 23:45:00', '2020-03-26 23:45:00'),
(414, 4, 'M', 'Hitam', 34, 0, '2020-03-26 23:45:00', '2020-03-26 23:45:00'),
(415, 4, 'XS', 'Biru', 79, 0, '2020-03-26 23:45:00', '2020-03-26 23:45:00'),
(416, 4, 'S', 'Coklat', 14, 0, '2020-03-26 23:45:00', '2020-03-26 23:45:00'),
(418, 4, 'M', 'Merah', 61, 0, '2020-03-26 23:45:00', '2020-03-26 23:45:00'),
(419, 4, 'S', 'Merah', 37, 0, '2020-03-26 23:45:00', '2020-03-26 23:45:00'),
(420, 4, 'XL', 'Putih', 16, 0, '2020-03-26 23:45:00', '2020-03-26 23:45:00'),
(421, 4, 'XL', 'Hitam', 51, 0, '2020-03-26 23:45:00', '2020-03-26 23:45:00'),
(422, 4, 'S', 'Putih', 13, 0, '2020-03-26 23:45:00', '2020-03-26 23:45:00'),
(423, 4, 'XL', 'Kuning', 82, 0, '2020-03-26 23:45:00', '2020-03-26 23:45:00'),
(424, 4, 'M', 'Kuning', 98, 0, '2020-03-26 23:45:00', '2020-03-26 23:45:00'),
(426, 4, 'XL', 'Hijau', 19, 0, '2020-03-26 23:45:00', '2020-03-26 23:45:00'),
(428, 4, 'M', 'Coklat', 40, 0, '2020-03-26 23:45:00', '2020-03-26 23:45:00'),
(429, 4, 'XL', 'Coklat', 10, 0, '2020-03-26 23:45:00', '2020-03-26 23:45:00'),
(430, 4, 'S', 'Biru', 59, 0, '2020-03-26 23:45:00', '2020-03-26 23:45:00'),
(432, 4, 'XS', 'Coklat', 20, 0, '2020-03-26 23:45:00', '2020-03-26 23:45:00'),
(433, 4, 'L', 'Hitam', 42, 0, '2020-03-26 23:45:00', '2020-03-26 23:45:00'),
(435, 4, 'XS', 'Hijau', 12, 0, '2020-03-26 23:45:00', '2020-03-26 23:45:00'),
(440, 4, 'L', 'Merah', 94, 0, '2020-03-26 23:45:00', '2020-03-26 23:45:00'),
(442, 4, 'S', 'Hijau', 20, 0, '2020-03-26 23:45:00', '2020-03-26 23:45:00'),
(444, 4, 'L', 'Hijau', 57, 0, '2020-03-26 23:45:00', '2020-03-26 23:45:00'),
(445, 4, 'S', 'Kuning', 50, 0, '2020-03-26 23:45:00', '2020-03-26 23:45:00'),
(447, 4, 'L', 'Coklat', 27, 0, '2020-03-26 23:45:00', '2020-03-26 23:45:00'),
(450, 4, 'XS', 'Hitam', 10, 0, '2020-03-26 23:45:00', '2020-03-26 23:45:00'),
(453, 4, 'L', 'Kuning', 20, 0, '2020-03-26 23:45:00', '2020-03-26 23:45:00'),
(454, 4, 'XS', 'Kuning', 52, 0, '2020-03-26 23:45:00', '2020-03-26 23:45:00'),
(455, 4, 'XL', 'Biru', 36, 0, '2020-03-26 23:45:00', '2020-03-26 23:45:00'),
(456, 4, 'M', 'Putih', 10, 0, '2020-03-26 23:45:00', '2020-03-26 23:45:00'),
(463, 4, 'XS', 'Putih', 83, 0, '2020-03-26 23:45:00', '2020-03-26 23:45:00'),
(468, 4, 'L', 'Biru', 16, 0, '2020-03-26 23:45:00', '2020-03-26 23:45:00'),
(478, 4, 'L', 'Putih', 15, 0, '2020-03-26 23:45:01', '2020-03-26 23:45:01'),
(485, 4, 'M', 'Hijau', 25, 0, '2020-03-26 23:45:01', '2020-03-26 23:45:01'),
(487, 4, 'M', 'Biru', 28, 0, '2020-03-26 23:45:01', '2020-03-26 23:45:01'),
(499, 4, 'XS', 'Merah', 66, 0, '2020-03-26 23:45:01', '2020-03-26 23:45:01'),
(500, 5, 'XL', 'Merah', 51, 0, '2020-03-26 23:45:01', '2020-03-26 23:45:01'),
(501, 5, 'S', 'Kuning', 38, 0, '2020-03-26 23:45:01', '2020-03-26 23:45:01'),
(502, 5, 'XS', 'Hijau', 64, 0, '2020-03-26 23:45:01', '2020-03-26 23:45:01'),
(503, 5, 'S', 'Coklat', 64, 0, '2020-03-26 23:45:01', '2020-03-26 23:45:01'),
(504, 5, 'M', 'Hitam', 65, 0, '2020-03-26 23:45:01', '2020-03-26 23:45:01'),
(505, 5, 'XS', 'Merah', 53, 0, '2020-03-26 23:45:01', '2020-03-26 23:45:01'),
(506, 5, 'L', 'Kuning', 72, 0, '2020-03-26 23:45:01', '2020-03-26 23:45:01'),
(507, 5, 'XS', 'Coklat', 10, 0, '2020-03-26 23:45:01', '2020-03-26 23:45:01'),
(508, 5, 'S', 'Merah', 99, 0, '2020-03-26 23:45:01', '2020-03-26 23:45:01'),
(509, 5, 'M', 'Biru', 92, 0, '2020-03-26 23:45:01', '2020-03-26 23:45:01'),
(510, 5, 'S', 'Hitam', 10, 0, '2020-03-26 23:45:01', '2020-03-26 23:45:01'),
(511, 5, 'L', 'Putih', 81, 0, '2020-03-26 23:45:01', '2020-03-26 23:45:01'),
(512, 5, 'XL', 'Hijau', 26, 0, '2020-03-26 23:45:01', '2020-03-26 23:45:01'),
(513, 5, 'XL', 'Kuning', 61, 0, '2020-03-26 23:45:01', '2020-03-26 23:45:01'),
(514, 5, 'S', 'Biru', 56, 0, '2020-03-26 23:45:01', '2020-03-26 23:45:01'),
(515, 5, 'XL', 'Coklat', 20, 0, '2020-03-26 23:45:01', '2020-03-26 23:45:01'),
(517, 5, 'L', 'Hijau', 86, 0, '2020-03-26 23:45:01', '2020-03-26 23:45:01'),
(518, 5, 'M', 'Merah', 55, 0, '2020-03-26 23:45:01', '2020-03-26 23:45:01'),
(520, 5, 'M', 'Kuning', 89, 0, '2020-03-26 23:45:01', '2020-03-26 23:45:01'),
(522, 5, 'XS', 'Biru', 84, 0, '2020-03-26 23:45:01', '2020-03-26 23:45:01'),
(524, 5, 'M', 'Putih', 55, 0, '2020-03-26 23:45:01', '2020-03-26 23:45:01'),
(529, 5, 'XS', 'Putih', 44, 0, '2020-03-26 23:45:01', '2020-03-26 23:45:01'),
(532, 5, 'L', 'Merah', 85, 0, '2020-03-26 23:45:01', '2020-03-26 23:45:01'),
(534, 5, 'L', 'Biru', 24, 0, '2020-03-26 23:45:01', '2020-03-26 23:45:01'),
(541, 5, 'M', 'Hijau', 51, 0, '2020-03-26 23:45:02', '2020-03-26 23:45:02'),
(543, 5, 'XS', 'Hitam', 73, 0, '2020-03-26 23:45:02', '2020-03-26 23:45:02'),
(547, 5, 'XL', 'Putih', 87, 0, '2020-03-26 23:45:02', '2020-03-26 23:45:02'),
(552, 5, 'XL', 'Biru', 46, 0, '2020-03-26 23:45:02', '2020-03-26 23:45:02'),
(563, 5, 'XS', 'Kuning', 42, 0, '2020-03-26 23:45:02', '2020-03-26 23:45:02'),
(568, 5, 'S', 'Putih', 40, 0, '2020-03-26 23:45:02', '2020-03-26 23:45:02'),
(575, 5, 'XL', 'Hitam', 49, 0, '2020-03-26 23:45:02', '2020-03-26 23:45:02'),
(584, 5, 'M', 'Coklat', 48, 0, '2020-03-26 23:45:02', '2020-03-26 23:45:02'),
(585, 5, 'S', 'Hijau', 20, 0, '2020-03-26 23:45:02', '2020-03-26 23:45:02'),
(631, 5, 'L', 'Coklat', 35, 0, '2020-03-26 23:45:03', '2020-03-26 23:45:03'),
(676, 5, 'L', 'Hitam', 96, 0, '2020-03-26 23:45:04', '2020-03-26 23:45:04'),
(677, 6, 'XL', 'Putih', 69, 0, '2020-03-26 23:45:04', '2020-03-26 23:45:04'),
(678, 6, 'S', 'Hitam', 14, 0, '2020-03-26 23:45:04', '2020-03-26 23:45:04'),
(679, 6, 'S', 'Merah', 85, 0, '2020-03-26 23:45:04', '2020-03-26 23:45:04'),
(680, 6, 'L', 'Merah', 33, 0, '2020-03-26 23:45:04', '2020-03-26 23:45:04'),
(681, 6, 'M', 'Putih', 99, 0, '2020-03-26 23:45:04', '2020-03-26 23:45:04'),
(682, 6, 'M', 'Hitam', 59, 0, '2020-03-26 23:45:04', '2020-03-26 23:45:04'),
(683, 6, 'S', 'Kuning', 73, 0, '2020-03-26 23:45:04', '2020-03-26 23:45:04'),
(684, 6, 'S', 'Hijau', 24, 0, '2020-03-26 23:45:04', '2020-03-26 23:45:04'),
(687, 6, 'L', 'Kuning', 73, 0, '2020-03-26 23:45:04', '2020-03-26 23:45:04'),
(688, 6, 'XS', 'Putih', 39, 0, '2020-03-26 23:45:04', '2020-03-26 23:45:04'),
(689, 6, 'XS', 'Hitam', 67, 0, '2020-03-26 23:45:04', '2020-03-26 23:45:04'),
(691, 6, 'L', 'Coklat', 56, 0, '2020-03-26 23:45:04', '2020-03-26 23:45:04'),
(692, 6, 'XS', 'Biru', 63, 0, '2020-03-26 23:45:04', '2020-03-26 23:45:04'),
(694, 6, 'XS', 'Hijau', 26, 0, '2020-03-26 23:45:04', '2020-03-26 23:45:04'),
(697, 6, 'S', 'Biru', 55, 0, '2020-03-26 23:45:04', '2020-03-26 23:45:04'),
(698, 6, 'XL', 'Biru', 83, 0, '2020-03-26 23:45:04', '2020-03-26 23:45:04'),
(700, 6, 'M', 'Biru', 48, 0, '2020-03-26 23:45:04', '2020-03-26 23:45:04'),
(702, 6, 'XL', 'Merah', 43, 0, '2020-03-26 23:45:04', '2020-03-26 23:45:04'),
(704, 6, 'XS', 'Kuning', 10, 0, '2020-03-26 23:45:04', '2020-03-26 23:45:04'),
(707, 6, 'L', 'Biru', 52, 0, '2020-03-26 23:45:04', '2020-03-26 23:45:04'),
(709, 6, 'S', 'Putih', 75, 0, '2020-03-26 23:45:04', '2020-03-26 23:45:04'),
(711, 6, 'XL', 'Hitam', 80, 0, '2020-03-26 23:45:04', '2020-03-26 23:45:04'),
(713, 6, 'L', 'Hitam', 37, 0, '2020-03-26 23:45:05', '2020-03-26 23:45:05'),
(715, 6, 'L', 'Hijau', 37, 0, '2020-03-26 23:45:05', '2020-03-26 23:45:05'),
(718, 6, 'XS', 'Merah', 41, 0, '2020-03-26 23:45:05', '2020-03-26 23:45:05'),
(719, 6, 'M', 'Hijau', 45, 0, '2020-03-26 23:45:05', '2020-03-26 23:45:05'),
(720, 6, 'XS', 'Coklat', 13, 0, '2020-03-26 23:45:05', '2020-03-26 23:45:05'),
(726, 6, 'XL', 'Kuning', 24, 0, '2020-03-26 23:45:05', '2020-03-26 23:45:05'),
(734, 6, 'L', 'Putih', 30, 0, '2020-03-26 23:45:05', '2020-03-26 23:45:05'),
(738, 6, 'M', 'Kuning', 62, 0, '2020-03-26 23:45:05', '2020-03-26 23:45:05'),
(740, 6, 'M', 'Coklat', 100, 0, '2020-03-26 23:45:05', '2020-03-26 23:45:05'),
(750, 6, 'XL', 'Coklat', 42, 0, '2020-03-26 23:45:05', '2020-03-26 23:45:05'),
(760, 6, 'M', 'Merah', 34, 0, '2020-03-26 23:45:05', '2020-03-26 23:45:05'),
(798, 6, 'XL', 'Hijau', 28, 0, '2020-03-26 23:45:06', '2020-03-26 23:45:06'),
(848, 6, 'S', 'Coklat', 41, 0, '2020-03-26 23:45:07', '2020-03-26 23:45:07'),
(849, 7, 'XS', 'Putih', 98, 0, '2020-03-26 23:45:07', '2020-03-26 23:45:07'),
(850, 7, 'S', 'Putih', 73, 0, '2020-03-26 23:45:07', '2020-03-26 23:45:07'),
(851, 7, 'XL', 'Biru', 18, 0, '2020-03-26 23:45:07', '2020-03-26 23:45:07'),
(852, 7, 'XL', 'Hijau', 86, 0, '2020-03-26 23:45:07', '2020-03-26 23:45:07'),
(853, 7, 'L', 'Hijau', 53, 0, '2020-03-26 23:45:07', '2020-03-26 23:45:07'),
(854, 7, 'XS', 'Merah', 50, 0, '2020-03-26 23:45:07', '2020-03-26 23:45:07'),
(856, 7, 'L', 'Merah', 21, 0, '2020-03-26 23:45:07', '2020-03-26 23:45:07'),
(857, 7, 'S', 'Merah', 73, 0, '2020-03-26 23:45:07', '2020-03-26 23:45:07'),
(858, 7, 'M', 'Putih', 86, 0, '2020-03-26 23:45:07', '2020-03-26 23:45:07'),
(859, 7, 'M', 'Biru', 59, 0, '2020-03-26 23:45:07', '2020-03-26 23:45:07'),
(862, 7, 'L', 'Hitam', 24, 0, '2020-03-26 23:45:07', '2020-03-26 23:45:07'),
(863, 7, 'L', 'Coklat', 38, 0, '2020-03-26 23:45:07', '2020-03-26 23:45:07'),
(865, 7, 'S', 'Kuning', 40, 0, '2020-03-26 23:45:07', '2020-03-26 23:45:07'),
(866, 7, 'XL', 'Merah', 57, 0, '2020-03-26 23:45:07', '2020-03-26 23:45:07'),
(868, 7, 'M', 'Merah', 25, 0, '2020-03-26 23:45:07', '2020-03-26 23:45:07'),
(870, 7, 'S', 'Hitam', 40, 0, '2020-03-26 23:45:07', '2020-03-26 23:45:07'),
(871, 7, 'XS', 'Hijau', 33, 0, '2020-03-26 23:45:07', '2020-03-26 23:45:07'),
(874, 7, 'L', 'Kuning', 99, 0, '2020-03-26 23:45:07', '2020-03-26 23:45:07'),
(875, 7, 'XS', 'Biru', 28, 0, '2020-03-26 23:45:07', '2020-03-26 23:45:07'),
(876, 7, 'XS', 'Hitam', 24, 0, '2020-03-26 23:45:07', '2020-03-26 23:45:07'),
(878, 7, 'XS', 'Kuning', 49, 0, '2020-03-26 23:45:07', '2020-03-26 23:45:07'),
(880, 7, 'XL', 'Putih', 55, 0, '2020-03-26 23:45:07', '2020-03-26 23:45:07'),
(883, 7, 'L', 'Putih', 76, 0, '2020-03-26 23:45:07', '2020-03-26 23:45:07'),
(889, 7, 'S', 'Hijau', 90, 0, '2020-03-26 23:45:07', '2020-03-26 23:45:07'),
(891, 7, 'S', 'Biru', 84, 0, '2020-03-26 23:45:07', '2020-03-26 23:45:07'),
(892, 7, 'M', 'Coklat', 34, 0, '2020-03-26 23:45:07', '2020-03-26 23:45:07'),
(894, 7, 'S', 'Coklat', 61, 0, '2020-03-26 23:45:07', '2020-03-26 23:45:07'),
(900, 7, 'M', 'Kuning', 43, 0, '2020-03-26 23:45:07', '2020-03-26 23:45:07'),
(902, 7, 'XL', 'Coklat', 95, 0, '2020-03-26 23:45:07', '2020-03-26 23:45:07'),
(903, 7, 'XL', 'Kuning', 48, 0, '2020-03-26 23:45:07', '2020-03-26 23:45:07'),
(904, 7, 'M', 'Hitam', 58, 0, '2020-03-26 23:45:07', '2020-03-26 23:45:07'),
(932, 7, 'L', 'Biru', 53, 0, '2020-03-26 23:45:08', '2020-03-26 23:45:08'),
(944, 7, 'XS', 'Coklat', 55, 0, '2020-03-26 23:45:08', '2020-03-26 23:45:08'),
(949, 7, 'M', 'Hijau', 47, 0, '2020-03-26 23:45:08', '2020-03-26 23:45:08'),
(982, 7, 'XL', 'Hitam', 17, 0, '2020-03-26 23:45:08', '2020-03-26 23:45:08'),
(983, 8, 'XS', 'Putih', 23, 0, '2020-03-26 23:45:08', '2020-03-26 23:45:08'),
(984, 8, 'XS', 'Hitam', 74, 0, '2020-03-26 23:45:08', '2020-03-26 23:45:08'),
(985, 8, 'XS', 'Kuning', 17, 0, '2020-03-26 23:45:08', '2020-03-26 23:45:08'),
(986, 8, 'S', 'Hijau', 60, 0, '2020-03-26 23:45:08', '2020-03-26 23:45:08'),
(987, 8, 'XL', 'Hijau', 28, 0, '2020-03-26 23:45:08', '2020-03-26 23:45:08'),
(988, 8, 'L', 'Hijau', 87, 0, '2020-03-26 23:45:08', '2020-03-26 23:45:08'),
(989, 8, 'XL', 'Merah', 45, 0, '2020-03-26 23:45:08', '2020-03-26 23:45:08'),
(990, 8, 'L', 'Hitam', 28, 0, '2020-03-26 23:45:08', '2020-03-26 23:45:08'),
(991, 8, 'XL', 'Putih', 34, 0, '2020-03-26 23:45:08', '2020-03-26 23:45:08'),
(992, 8, 'M', 'Hijau', 30, 0, '2020-03-26 23:45:08', '2020-03-26 23:45:08'),
(993, 8, 'XL', 'Biru', 24, 0, '2020-03-26 23:45:09', '2020-03-26 23:45:09'),
(994, 8, 'XS', 'Coklat', 83, 0, '2020-03-26 23:45:09', '2020-03-26 23:45:09'),
(995, 8, 'M', 'Kuning', 73, 0, '2020-03-26 23:45:09', '2020-03-26 23:45:09'),
(996, 8, 'XL', 'Coklat', 98, 0, '2020-03-26 23:45:09', '2020-03-26 23:45:09'),
(997, 8, 'S', 'Merah', 71, 0, '2020-03-26 23:45:09', '2020-03-26 23:45:09'),
(1001, 8, 'M', 'Biru', 71, 0, '2020-03-26 23:45:09', '2020-03-26 23:45:09'),
(1002, 8, 'S', 'Putih', 55, 0, '2020-03-26 23:45:09', '2020-03-26 23:45:09'),
(1003, 8, 'L', 'Coklat', 97, 0, '2020-03-26 23:45:09', '2020-03-26 23:45:09'),
(1005, 8, 'XL', 'Hitam', 85, 0, '2020-03-26 23:45:09', '2020-03-26 23:45:09'),
(1006, 8, 'M', 'Coklat', 62, 0, '2020-03-26 23:45:09', '2020-03-26 23:45:09'),
(1007, 8, 'XS', 'Merah', 56, 0, '2020-03-26 23:45:09', '2020-03-26 23:45:09'),
(1012, 8, 'S', 'Kuning', 83, 0, '2020-03-26 23:45:09', '2020-03-26 23:45:09'),
(1013, 8, 'XS', 'Biru', 84, 0, '2020-03-26 23:45:09', '2020-03-26 23:45:09'),
(1014, 8, 'L', 'Biru', 45, 0, '2020-03-26 23:45:09', '2020-03-26 23:45:09'),
(1016, 8, 'L', 'Putih', 90, 0, '2020-03-26 23:45:09', '2020-03-26 23:45:09'),
(1023, 8, 'L', 'Kuning', 30, 0, '2020-03-26 23:45:09', '2020-03-26 23:45:09'),
(1024, 8, 'XS', 'Hijau', 21, 0, '2020-03-26 23:45:09', '2020-03-26 23:45:09'),
(1025, 8, 'M', 'Putih', 33, 0, '2020-03-26 23:45:09', '2020-03-26 23:45:09'),
(1036, 8, 'L', 'Merah', 27, 0, '2020-03-26 23:45:09', '2020-03-26 23:45:09'),
(1039, 8, 'S', 'Coklat', 59, 0, '2020-03-26 23:45:09', '2020-03-26 23:45:09'),
(1041, 8, 'XL', 'Kuning', 88, 0, '2020-03-26 23:45:09', '2020-03-26 23:45:09'),
(1045, 8, 'S', 'Hitam', 92, 0, '2020-03-26 23:45:09', '2020-03-26 23:45:09'),
(1051, 8, 'S', 'Biru', 52, 0, '2020-03-26 23:45:09', '2020-03-26 23:45:09'),
(1084, 8, 'M', 'Merah', 92, 0, '2020-03-26 23:45:10', '2020-03-26 23:45:10'),
(1088, 8, 'M', 'Hitam', 32, 0, '2020-03-26 23:45:10', '2020-03-26 23:45:10'),
(1089, 9, 'L', 'Coklat', 96, 0, '2020-03-26 23:45:10', '2020-03-26 23:45:10'),
(1090, 9, 'XL', 'Kuning', 59, 0, '2020-03-26 23:45:10', '2020-03-26 23:45:10'),
(1091, 9, 'M', 'Biru', 89, 0, '2020-03-26 23:45:10', '2020-03-26 23:45:10'),
(1092, 9, 'L', 'Hijau', 70, 0, '2020-03-26 23:45:10', '2020-03-26 23:45:10'),
(1093, 9, 'S', 'Hitam', 23, 0, '2020-03-26 23:45:10', '2020-03-26 23:45:10'),
(1094, 9, 'XL', 'Merah', 92, 0, '2020-03-26 23:45:10', '2020-03-26 23:45:10'),
(1095, 9, 'XS', 'Coklat', 74, 0, '2020-03-26 23:45:10', '2020-03-26 23:45:10'),
(1096, 9, 'M', 'Kuning', 84, 0, '2020-03-26 23:45:10', '2020-03-26 23:45:10'),
(1098, 9, 'XS', 'Merah', 76, 0, '2020-03-26 23:45:10', '2020-03-26 23:45:10'),
(1103, 9, 'L', 'Biru', 46, 0, '2020-03-26 23:45:10', '2020-03-26 23:45:10'),
(1104, 9, 'S', 'Kuning', 98, 0, '2020-03-26 23:45:10', '2020-03-26 23:45:10'),
(1105, 9, 'XS', 'Hijau', 92, 0, '2020-03-26 23:45:10', '2020-03-26 23:45:10'),
(1106, 9, 'S', 'Biru', 51, 0, '2020-03-26 23:45:10', '2020-03-26 23:45:10'),
(1109, 9, 'M', 'Putih', 58, 0, '2020-03-26 23:45:10', '2020-03-26 23:45:10'),
(1110, 9, 'L', 'Merah', 43, 0, '2020-03-26 23:45:10', '2020-03-26 23:45:10'),
(1112, 9, 'XS', 'Kuning', 74, 0, '2020-03-26 23:45:10', '2020-03-26 23:45:10'),
(1113, 9, 'M', 'Hijau', 62, 0, '2020-03-26 23:45:10', '2020-03-26 23:45:10'),
(1114, 9, 'XS', 'Putih', 33, 0, '2020-03-26 23:45:10', '2020-03-26 23:45:10'),
(1115, 9, 'XL', 'Biru', 30, 0, '2020-03-26 23:45:10', '2020-03-26 23:45:10'),
(1116, 9, 'S', 'Merah', 23, 0, '2020-03-26 23:45:10', '2020-03-26 23:45:10'),
(1117, 9, 'S', 'Putih', 83, 0, '2020-03-26 23:45:10', '2020-03-26 23:45:10'),
(1120, 9, 'M', 'Hitam', 27, 0, '2020-03-26 23:45:10', '2020-03-26 23:45:10'),
(1121, 9, 'S', 'Hijau', 44, 0, '2020-03-26 23:45:10', '2020-03-26 23:45:10'),
(1122, 9, 'S', 'Coklat', 77, 0, '2020-03-26 23:45:10', '2020-03-26 23:45:10'),
(1124, 9, 'L', 'Kuning', 83, 0, '2020-03-26 23:45:10', '2020-03-26 23:45:10'),
(1125, 9, 'L', 'Hitam', 33, 0, '2020-03-26 23:45:10', '2020-03-26 23:45:10'),
(1126, 9, 'XL', 'Hitam', 61, 0, '2020-03-26 23:45:10', '2020-03-26 23:45:10'),
(1128, 9, 'XS', 'Hitam', 69, 0, '2020-03-26 23:45:11', '2020-03-26 23:45:11'),
(1141, 9, 'M', 'Coklat', 87, 0, '2020-03-26 23:45:11', '2020-03-26 23:45:11'),
(1149, 9, 'L', 'Putih', 11, 0, '2020-03-26 23:45:11', '2020-03-26 23:45:11'),
(1156, 9, 'XL', 'Coklat', 82, 0, '2020-03-26 23:45:11', '2020-03-26 23:45:11'),
(1157, 9, 'M', 'Merah', 51, 0, '2020-03-26 23:45:11', '2020-03-26 23:45:11'),
(1161, 9, 'XS', 'Biru', 70, 0, '2020-03-26 23:45:11', '2020-03-26 23:45:11'),
(1169, 9, 'XL', 'Putih', 15, 0, '2020-03-26 23:45:11', '2020-03-26 23:45:11'),
(1190, 9, 'XL', 'Hijau', 42, 0, '2020-03-26 23:45:11', '2020-03-26 23:45:11'),
(1191, 10, 'XL', 'Biru', 23, 0, '2020-03-26 23:45:11', '2020-03-26 23:45:11'),
(1192, 10, 'M', 'Putih', 45, 0, '2020-03-26 23:45:11', '2020-03-26 23:45:11'),
(1193, 10, 'M', 'Biru', 43, 0, '2020-03-26 23:45:11', '2020-03-26 23:45:11'),
(1195, 10, 'XS', 'Merah', 11, 0, '2020-03-26 23:45:11', '2020-03-26 23:45:11'),
(1196, 10, 'L', 'Kuning', 94, 0, '2020-03-26 23:45:11', '2020-03-26 23:45:11'),
(1197, 10, 'XS', 'Kuning', 79, 0, '2020-03-26 23:45:11', '2020-03-26 23:45:11'),
(1198, 10, 'S', 'Hitam', 93, 0, '2020-03-26 23:45:12', '2020-03-26 23:45:12'),
(1199, 10, 'XL', 'Hitam', 34, 0, '2020-03-26 23:45:12', '2020-03-26 23:45:12'),
(1200, 10, 'L', 'Putih', 48, 0, '2020-03-26 23:45:12', '2020-03-26 23:45:12'),
(1201, 10, 'XS', 'Biru', 29, 0, '2020-03-26 23:45:12', '2020-03-26 23:45:12'),
(1202, 10, 'XL', 'Hijau', 18, 0, '2020-03-26 23:45:12', '2020-03-26 23:45:12'),
(1203, 10, 'M', 'Kuning', 48, 0, '2020-03-26 23:45:12', '2020-03-26 23:45:12'),
(1206, 10, 'S', 'Biru', 80, 0, '2020-03-26 23:45:12', '2020-03-26 23:45:12'),
(1208, 10, 'S', 'Coklat', 55, 0, '2020-03-26 23:45:12', '2020-03-26 23:45:12'),
(1209, 10, 'S', 'Kuning', 22, 0, '2020-03-26 23:45:12', '2020-03-26 23:45:12'),
(1211, 10, 'XS', 'Hijau', 47, 0, '2020-03-26 23:45:12', '2020-03-26 23:45:12'),
(1212, 10, 'XL', 'Merah', 13, 0, '2020-03-26 23:45:12', '2020-03-26 23:45:12'),
(1213, 10, 'S', 'Putih', 12, 0, '2020-03-26 23:45:12', '2020-03-26 23:45:12'),
(1215, 10, 'M', 'Hitam', 87, 0, '2020-03-26 23:45:12', '2020-03-26 23:45:12'),
(1218, 10, 'M', 'Merah', 78, 0, '2020-03-26 23:45:12', '2020-03-26 23:45:12'),
(1220, 10, 'XS', 'Putih', 14, 0, '2020-03-26 23:45:12', '2020-03-26 23:45:12'),
(1224, 10, 'S', 'Hijau', 10, 0, '2020-03-26 23:45:12', '2020-03-26 23:45:12'),
(1227, 10, 'XL', 'Coklat', 40, 0, '2020-03-26 23:45:12', '2020-03-26 23:45:12'),
(1228, 10, 'XL', 'Putih', 43, 0, '2020-03-26 23:45:12', '2020-03-26 23:45:12'),
(1235, 10, 'L', 'Coklat', 83, 0, '2020-03-26 23:45:12', '2020-03-26 23:45:12'),
(1236, 10, 'XL', 'Kuning', 44, 0, '2020-03-26 23:45:12', '2020-03-26 23:45:12'),
(1239, 10, 'L', 'Hijau', 46, 0, '2020-03-26 23:45:12', '2020-03-26 23:45:12'),
(1241, 10, 'XS', 'Coklat', 73, 0, '2020-03-26 23:45:12', '2020-03-26 23:45:12'),
(1246, 10, 'M', 'Hijau', 27, 0, '2020-03-26 23:45:12', '2020-03-26 23:45:12'),
(1268, 10, 'M', 'Coklat', 41, 0, '2020-03-26 23:45:13', '2020-03-26 23:45:13'),
(1269, 10, 'XS', 'Hitam', 68, 0, '2020-03-26 23:45:13', '2020-03-26 23:45:13'),
(1293, 10, 'S', 'Merah', 91, 0, '2020-03-26 23:45:13', '2020-03-26 23:45:13'),
(1309, 10, 'L', 'Biru', 32, 0, '2020-03-26 23:45:14', '2020-03-26 23:45:14'),
(1317, 10, 'L', 'Merah', 92, 0, '2020-03-26 23:45:14', '2020-03-26 23:45:14'),
(1351, 10, 'L', 'Hitam', 28, 0, '2020-03-26 23:45:14', '2020-03-26 23:45:14');

-- --------------------------------------------------------

--
-- Table structure for table `migrations`
--

CREATE TABLE `migrations` (
  `id` int(10) UNSIGNED NOT NULL,
  `migration` varchar(255) COLLATE utf8mb4_unicode_ci NOT NULL,
  `batch` int(11) NOT NULL
) ENGINE=InnoDB DEFAULT CHARSET=utf8mb4 COLLATE=utf8mb4_unicode_ci;

--
-- Dumping data for table `migrations`
--

INSERT INTO `migrations` (`id`, `migration`, `batch`) VALUES
(1, '2014_10_12_000000_create_users_table', 1),
(2, '2019_11_29_085032_create_customers_table', 1),
(3, '2019_11_29_085940_create_products_table', 1),
(4, '2019_11_29_090111_create_inventories_table', 1),
(5, '2019_11_29_091355_create_purchases_table', 1),
(6, '2019_11_29_092231_create_purchase_details_table', 1),
(7, '2019_12_17_095313_alter_customers_table_add_province_id_and_city_id', 1),
(8, '2019_12_17_114107_alter_customers_table_add_province_name_and_city_name', 1),
(9, '2019_12_19_014915_create_counters_table', 1),
(10, '2019_12_25_030140_alter_inventories_table_add_hold_qty', 1);

-- --------------------------------------------------------

--
-- Table structure for table `products`
--

CREATE TABLE `products` (
  `id` bigint(20) UNSIGNED NOT NULL,
  `name` varchar(255) COLLATE utf8mb4_unicode_ci NOT NULL,
  `code` varchar(255) COLLATE utf8mb4_unicode_ci NOT NULL,
  `price` int(11) NOT NULL,
  `category` varchar(255) COLLATE utf8mb4_unicode_ci NOT NULL,
  `created_at` timestamp NULL DEFAULT NULL,
  `updated_at` timestamp NULL DEFAULT NULL
) ENGINE=InnoDB DEFAULT CHARSET=utf8mb4 COLLATE=utf8mb4_unicode_ci;

--
-- Dumping data for table `products`
--

INSERT INTO `products` (`id`, `name`, `code`, `price`, `category`, `created_at`, `updated_at`) VALUES
(1, 'Et', 'S-845', 595016, 'Hijab', '2020-03-26 23:44:52', '2020-03-26 23:44:52'),
(2, 'Placeat', 'X-416', 508882, 'Rok', '2020-03-26 23:44:52', '2020-03-26 23:44:52'),
(3, 'Incidunt', 'V-871', 611691, 'Rompi', '2020-03-26 23:44:52', '2020-03-26 23:44:52'),
(4, 'Aut', 'K-92', 993470, 'Rompi', '2020-03-26 23:44:52', '2020-03-26 23:44:52'),
(5, 'Harum', 'A-810', 187154, 'Hijab', '2020-03-26 23:44:52', '2020-03-26 23:44:52'),
(6, 'Aperiam', 'Q-201', 418172, 'Blus', '2020-03-26 23:44:52', '2020-03-26 23:44:52'),
(7, 'Quam', 'Z-698', 601633, 'Blus', '2020-03-26 23:44:52', '2020-03-26 23:44:52'),
(8, 'Est', 'C-103', 150108, 'Rok', '2020-03-26 23:44:52', '2020-03-26 23:44:52'),
(9, 'Dolor', 'T-642', 217961, 'Rompi', '2020-03-26 23:44:52', '2020-03-26 23:44:52'),
(10, 'Qui', 'M-407', 607146, 'Hijab', '2020-03-26 23:44:52', '2020-03-26 23:44:52');

-- --------------------------------------------------------

--
-- Table structure for table `purchases`
--

CREATE TABLE `purchases` (
  `id` bigint(20) UNSIGNED NOT NULL,
  `customer_id` bigint(20) UNSIGNED NOT NULL,
  `sales_id` bigint(20) UNSIGNED NOT NULL,
  `purchase_no` varchar(255) COLLATE utf8mb4_unicode_ci NOT NULL,
  `courier_name` varchar(255) COLLATE utf8mb4_unicode_ci DEFAULT NULL,
  `courier_service_name` varchar(255) COLLATE utf8mb4_unicode_ci DEFAULT NULL,
  `courier_fee` int(11) DEFAULT NULL,
  `discount` int(11) NOT NULL,
  `status` varchar(255) COLLATE utf8mb4_unicode_ci NOT NULL,
  `weight` int(11) DEFAULT NULL,
  `total` int(11) NOT NULL,
  `created_at` timestamp NULL DEFAULT NULL,
  `updated_at` timestamp NULL DEFAULT NULL
) ENGINE=InnoDB DEFAULT CHARSET=utf8mb4 COLLATE=utf8mb4_unicode_ci;

--
-- Dumping data for table `purchases`
--

INSERT INTO `purchases` (`id`, `customer_id`, `sales_id`, `purchase_no`, `courier_name`, `courier_service_name`, `courier_fee`, `discount`, `status`, `weight`, `total`, `created_at`, `updated_at`) VALUES
(1, 7, 2, 'SO00426300', 'POS', 'Paket Kilat Khusus', 20000, 30, 'FINISH', 1, 6342240, '2019-07-28 06:50:29', '2020-03-26 23:47:13'),
(2, 10, 1, 'SO00846846', 'POS', '-', 0, 40, 'FINISH', 1, 5719450, '2019-11-27 02:06:00', '2020-03-26 23:47:15'),
(3, 2, 2, 'SO00527258', 'TIKI', 'REG', 44000, 30, 'FINISH', 1, 4934496, '2020-03-04 08:16:02', '2020-03-26 23:47:17'),
(4, 4, 2, 'SO00423569', 'POS', 'Paket Kilat Khusus', 48000, 40, 'FINISH', 1, 3660847, '2019-09-02 23:01:17', '2020-03-26 23:47:18'),
(5, 7, 1, 'SO00408221', 'TIKI', 'REG', 21000, 30, 'FINISH', 1, 7288743, '2020-03-01 19:27:39', '2020-03-26 23:47:20'),
(6, 9, 1, 'SO00174908', 'TIKI', 'REG', 54000, 30, 'FINISH', 1, 10351800, '2019-12-25 14:58:50', '2020-03-26 23:47:21'),
(7, 2, 1, 'SO00677682', 'JNE', 'OKE', 32000, 30, 'FINISH', 1, 3970074, '2019-08-01 08:59:58', '2020-03-26 23:47:23'),
(8, 6, 1, 'SO00834564', 'TIKI', 'REG', 56000, 30, 'FINISH', 1, 10282637, '2019-06-19 08:39:12', '2020-03-26 23:47:24'),
(9, 9, 2, 'SO00186169', 'TIKI', 'REG', 54000, 30, 'FINISH', 1, 8447958, '2020-01-13 09:08:42', '2020-03-26 23:47:24'),
(10, 8, 2, 'SO00497144', 'POS', 'Paket Kilat Khusus', 48000, 30, 'FINISH', 1, 8215775, '2020-02-29 03:15:37', '2020-03-26 23:47:26'),
(11, 11, 2, 'SO00962049', 'POS', 'Paket Kilat Khusus', 71000, 30, 'FINISH', 1, 10670212, '2019-05-16 22:02:18', '2020-03-26 23:47:27'),
(12, 10, 1, 'SO00402563', 'TIKI', '-', 0, 40, 'FINISH', 1, 6773512, '2020-02-15 08:49:02', '2020-03-26 23:47:29'),
(13, 1, 2, 'SO00739722', 'POS', 'Q9 Barang', 12000, 40, 'FINISH', 1, 15288052, '2019-11-24 21:12:13', '2020-03-26 23:47:29'),
(14, 9, 2, 'SO00924750', 'TIKI', 'REG', 54000, 30, 'FINISH', 1, 9049831, '2019-12-31 21:21:49', '2020-03-26 23:47:29'),
(15, 10, 2, 'SO00212718', 'JNE', 'REG', 130000, 40, 'FINISH', 1, 3717010, '2019-08-26 22:16:16', '2020-03-26 23:47:29'),
(16, 3, 2, 'SO00810539', 'TIKI', 'ECO', 15000, 30, 'FINISH', 1, 8514481, '2019-08-12 02:35:29', '2020-03-26 23:47:29'),
(17, 2, 2, 'SO00634508', 'POS', 'Paket Kilat Khusus', 33000, 30, 'FINISH', 1, 9375564, '2019-08-14 09:04:46', '2020-03-26 23:47:29'),
(18, 10, 2, 'SO00526664', 'TIKI', '-', 0, 40, 'FINISH', 1, 2476866, '2019-08-23 14:37:22', '2020-03-26 23:47:29'),
(19, 5, 2, 'SO00600974', 'POS', 'Paket Kilat Khusus', 24000, 40, 'FINISH', 1, 6096794, '2019-11-13 14:51:50', '2020-03-26 23:47:29'),
(20, 10, 1, 'SO00299533', 'TIKI', '-', 0, 40, 'FINISH', 1, 16741346, '2019-05-22 03:55:40', '2020-03-26 23:47:29'),
(21, 10, 1, 'SO00159103', 'JNE', 'REG', 130000, 40, 'FINISH', 1, 16113481, '2020-03-02 13:41:53', '2020-03-26 23:47:29'),
(22, 7, 2, 'SO00777320', 'JNE', 'REG', 21000, 30, 'FINISH', 1, 14283918, '2019-10-12 20:34:37', '2020-03-26 23:47:29'),
(23, 10, 2, 'SO00129492', 'TIKI', '-', 0, 40, 'FINISH', 1, 3709494, '2019-07-22 12:13:37', '2020-03-26 23:47:29'),
(24, 3, 2, 'SO00891894', 'POS', 'Paket Kilat Khusus', 19000, 30, 'FINISH', 1, 5342481, '2019-04-30 12:16:00', '2020-03-26 23:47:30'),
(25, 10, 1, 'SO00881093', 'JNE', 'REG', 130000, 40, 'FINISH', 1, 4219009, '2019-07-16 03:19:00', '2020-03-26 23:47:30'),
(26, 3, 2, 'SO00195642', 'TIKI', 'ECO', 15000, 30, 'FINISH', 1, 13302082, '2020-02-03 05:34:56', '2020-03-26 23:47:30'),
(27, 10, 1, 'SO00934095', 'POS', '-', 0, 40, 'FINISH', 1, 9175411, '2019-09-06 20:15:40', '2020-03-26 23:47:30'),
(28, 5, 1, 'SO00280382', 'POS', 'Paket Kilat Khusus', 24000, 40, 'FINISH', 1, 15933904, '2019-11-26 04:54:17', '2020-03-26 23:47:30'),
(29, 1, 1, 'SO00953173', 'POS', 'Express Next Day Barang', 10000, 40, 'FINISH', 1, 3445058, '2019-07-12 07:39:39', '2020-03-26 23:47:30'),
(30, 7, 2, 'SO00314557', 'JNE', 'OKE', 18000, 30, 'FINISH', 1, 6682881, '2020-03-05 11:28:46', '2020-03-26 23:47:30'),
(31, 5, 1, 'SO00832318', 'JNE', 'REG', 25000, 40, 'FINISH', 1, 5124564, '2019-10-19 20:54:23', '2020-03-26 23:47:30'),
(32, 8, 1, 'SO00883886', 'JNE', 'OKE', 39000, 30, 'FINISH', 1, 14641888, '2019-07-03 15:22:16', '2020-03-26 23:47:30'),
(33, 8, 1, 'SO00694576', 'POS', 'Paket Kilat Khusus', 48000, 30, 'FINISH', 1, 2162182, '2019-06-23 20:43:25', '2020-03-26 23:47:30'),
(34, 3, 2, 'SO00884214', 'JNE', 'OKE', 16000, 30, 'FINISH', 1, 10165448, '2020-01-14 09:34:05', '2020-03-26 23:47:31'),
(35, 3, 2, 'SO00503603', 'POS', 'Paket Kilat Khusus', 19000, 30, 'FINISH', 1, 6219728, '2020-01-28 05:53:18', '2020-03-26 23:47:31'),
(36, 8, 2, 'SO00166986', 'JNE', 'REG', 43000, 30, 'FINISH', 1, 4212514, '2019-05-27 03:02:57', '2020-03-26 23:47:31'),
(37, 6, 1, 'SO00419297', 'TIKI', 'REG', 56000, 30, 'FINISH', 1, 5921025, '2019-10-23 00:26:34', '2020-03-26 23:47:31'),
(38, 5, 2, 'SO00730105', 'TIKI', 'ECO', 23000, 40, 'FINISH', 1, 2794444, '2019-07-08 23:23:46', '2020-03-26 23:47:31'),
(39, 6, 2, 'SO00280342', 'POS', 'Paket Kilat Khusus', 41500, 30, 'FINISH', 1, 7046656, '2019-06-18 21:15:38', '2020-03-26 23:47:31'),
(40, 4, 2, 'SO00552964', 'TIKI', 'REG', 112000, 40, 'FINISH', 1, 5165530, '2020-01-11 16:53:15', '2020-03-26 23:47:31'),
(41, 11, 1, 'SO00394967', 'JNE', 'REG', 74000, 30, 'FINISH', 1, 5414736, '2020-03-06 02:43:45', '2020-03-26 23:47:31'),
(42, 7, 1, 'SO00658012', 'JNE', 'OKE', 18000, 30, 'FINISH', 1, 8606048, '2020-01-02 04:49:09', '2020-03-26 23:47:31'),
(43, 3, 1, 'SO00977404', 'POS', 'Express Next Day Barang', 30000, 30, 'FINISH', 1, 9395117, '2020-02-15 23:22:59', '2020-03-26 23:47:31'),
(44, 7, 2, 'SO00481594', 'POS', 'Paket Kilat Khusus', 20000, 30, 'FINISH', 1, 12293870, '2019-10-16 14:54:53', '2020-03-26 23:47:31'),
(45, 9, 2, 'SO00723498', 'TIKI', 'REG', 54000, 30, 'FINISH', 1, 2327571, '2019-09-12 00:57:44', '2020-03-26 23:47:31'),
(46, 8, 1, 'SO00108648', 'POS', 'Paket Kilat Khusus', 48000, 30, 'FINISH', 1, 9091990, '2019-08-21 06:52:47', '2020-03-26 23:47:32'),
(47, 4, 2, 'SO00849900', 'JNE', 'OKE', 39000, 40, 'FINISH', 1, 8964584, '2019-05-30 11:30:37', '2020-03-26 23:47:32'),
(48, 5, 1, 'SO00844715', 'POS', 'Paket Kilat Khusus', 24000, 40, 'FINISH', 1, 2282506, '2019-08-03 18:34:58', '2020-03-26 23:47:32'),
(49, 4, 2, 'SO00938094', 'TIKI', 'REG', 112000, 40, 'FINISH', 1, 7652988, '2019-07-17 15:09:17', '2020-03-26 23:47:32'),
(50, 3, 1, 'SO00783801', 'JNE', 'OKE', 16000, 30, 'FINISH', 1, 7471764, '2019-08-30 08:57:02', '2020-03-26 23:47:32'),
(51, 6, 1, 'SO00937270', 'JNE', 'REG', 42000, 30, 'FINISH', 1, 4823500, '2019-09-24 04:03:53', '2020-03-26 23:47:32'),
(52, 4, 2, 'SO00202934', 'TIKI', 'REG', 112000, 40, 'FINISH', 1, 10622896, '2019-08-21 17:23:33', '2020-03-26 23:47:32'),
(53, 1, 2, 'SO00800576', 'POS', 'Paket Kilat Khusus', 7000, 40, 'FINISH', 1, 12578783, '2019-05-10 08:20:34', '2020-03-26 23:47:32'),
(54, 2, 2, 'SO00904649', 'JNE', 'OKE', 32000, 30, 'FINISH', 1, 7222672, '2019-09-19 04:32:20', '2020-03-26 23:47:32'),
(55, 5, 2, 'SO00176353', 'JNE', 'OKE', 22000, 40, 'FINISH', 1, 5264183, '2019-09-09 01:00:32', '2020-03-26 23:47:32'),
(56, 6, 2, 'SO00130370', 'POS', 'Paket Kilat Khusus', 41500, 30, 'FINISH', 1, 3548587, '2019-08-18 11:36:30', '2020-03-26 23:47:32'),
(57, 8, 2, 'SO00809383', 'JNE', 'REG', 43000, 30, 'FINISH', 1, 8381959, '2020-03-25 17:08:30', '2020-03-26 23:47:32'),
(58, 8, 1, 'SO00171831', 'POS', 'Paket Kilat Khusus', 48000, 30, 'FINISH', 1, 14320634, '2019-06-16 11:44:36', '2020-03-26 23:47:33'),
(59, 3, 1, 'SO00563495', 'JNE', 'REG', 20000, 30, 'FINISH', 1, 6770793, '2019-09-09 05:39:23', '2020-03-26 23:47:33'),
(60, 5, 1, 'SO00656160', 'TIKI', 'REG', 27000, 40, 'FINISH', 1, 12182890, '2019-05-02 02:17:00', '2020-03-26 23:47:33'),
(61, 7, 2, 'SO00946035', 'POS', 'Paket Kilat Khusus', 20000, 30, 'FINISH', 1, 10196877, '2020-01-29 06:27:40', '2020-03-26 23:47:33'),
(62, 7, 2, 'SO00208626', 'TIKI', 'ECO', 18000, 30, 'FINISH', 1, 8551857, '2019-04-07 00:12:24', '2020-03-26 23:47:33'),
(63, 8, 1, 'SO00968289', 'TIKI', 'REG', 112000, 30, 'FINISH', 1, 7863516, '2020-01-27 12:47:46', '2020-03-26 23:47:33'),
(64, 9, 2, 'SO00986440', 'JNE', 'REG', 51000, 30, 'FINISH', 1, 9904100, '2019-09-17 15:26:20', '2020-03-26 23:47:33'),
(65, 9, 2, 'SO00315963', 'JNE', 'OKE', 46000, 30, 'FINISH', 1, 4088318, '2019-11-27 15:59:00', '2020-03-26 23:47:33'),
(66, 10, 2, 'SO00779193', 'JNE', 'REG', 130000, 40, 'FINISH', 1, 5865660, '2019-07-21 18:38:58', '2020-03-26 23:47:33'),
(67, 8, 1, 'SO00773454', 'POS', 'Paket Kilat Khusus', 48000, 30, 'FINISH', 1, 7846302, '2019-06-21 18:28:47', '2020-03-26 23:47:34'),
(68, 1, 2, 'SO00830795', 'JNE', 'CTC', 8000, 40, 'FINISH', 1, 4662841, '2019-07-11 03:13:34', '2020-03-26 23:47:34'),
(69, 7, 2, 'SO00298684', 'POS', 'Paket Kilat Khusus', 20000, 30, 'FINISH', 1, 12864744, '2020-01-17 01:29:28', '2020-03-26 23:47:34'),
(70, 4, 1, 'SO00573511', 'JNE', 'OKE', 39000, 40, 'FINISH', 1, 8451522, '2019-04-29 16:40:50', '2020-03-26 23:47:34'),
(71, 5, 1, 'SO00239939', 'POS', 'Paket Kilat Khusus', 24000, 40, 'FINISH', 1, 8086394, '2019-07-12 19:14:42', '2020-03-26 23:47:34'),
(72, 8, 1, 'SO00348206', 'TIKI', 'REG', 112000, 30, 'FINISH', 1, 4826563, '2019-11-02 00:12:25', '2020-03-26 23:47:34'),
(73, 11, 2, 'SO00386932', 'POS', 'Paket Kilat Khusus', 71000, 30, 'FINISH', 1, 15095955, '2019-11-26 01:00:47', '2020-03-26 23:47:34'),
(74, 8, 1, 'SO00666433', 'TIKI', 'REG', 112000, 30, 'FINISH', 1, 13376738, '2020-01-19 09:21:35', '2020-03-26 23:47:34'),
(75, 6, 2, 'SO00480247', 'POS', 'Paket Kilat Khusus', 41500, 30, 'FINISH', 1, 5196682, '2019-11-07 02:06:42', '2020-03-26 23:47:34'),
(76, 3, 2, 'SO00601529', 'POS', 'Paket Kilat Khusus', 19000, 30, 'FINISH', 1, 9844098, '2019-05-22 06:19:25', '2020-03-26 23:47:34'),
(77, 6, 2, 'SO00461414', 'POS', 'Paket Kilat Khusus', 41500, 30, 'FINISH', 1, 6755303, '2020-01-15 16:27:52', '2020-03-26 23:47:35'),
(78, 2, 1, 'SO00595436', 'TIKI', 'REG', 44000, 30, 'FINISH', 1, 16456982, '2020-03-19 23:57:47', '2020-03-26 23:47:35'),
(79, 9, 1, 'SO00345021', 'TIKI', 'REG', 54000, 30, 'FINISH', 1, 8616852, '2019-09-23 03:43:04', '2020-03-26 23:47:35'),
(80, 8, 1, 'SO00946333', 'JNE', 'OKE', 39000, 30, 'FINISH', 1, 3849515, '2019-09-14 04:37:44', '2020-03-26 23:47:35'),
(81, 4, 2, 'SO00807598', 'TIKI', 'REG', 112000, 40, 'FINISH', 1, 3907202, '2019-08-13 07:30:30', '2020-03-26 23:47:35'),
(82, 11, 1, 'SO00764101', 'JNE', 'OKE', 69000, 30, 'FINISH', 1, 5788848, '2019-08-27 07:27:29', '2020-03-26 23:47:35'),
(83, 5, 1, 'SO00481689', 'POS', 'Paket Kilat Khusus', 24000, 40, 'FINISH', 1, 19136976, '2019-04-18 12:54:38', '2020-03-26 23:47:35'),
(84, 9, 2, 'SO00383482', 'TIKI', 'REG', 54000, 30, 'FINISH', 1, 17779078, '2019-08-13 18:16:31', '2020-03-26 23:47:35'),
(85, 3, 1, 'SO00716014', 'POS', 'Paket Kilat Khusus', 19000, 30, 'FINISH', 1, 9520256, '2019-05-05 22:45:08', '2020-03-26 23:47:35'),
(86, 1, 1, 'SO00322639', 'POS', 'Q9 Barang', 12000, 40, 'FINISH', 1, 5492408, '2019-06-19 23:56:32', '2020-03-26 23:47:35'),
(87, 1, 1, 'SO00606283', 'JNE', 'CTCYES', 10000, 40, 'FINISH', 1, 12436422, '2020-03-15 21:44:04', '2020-03-26 23:47:35'),
(88, 11, 1, 'SO00796215', 'JNE', 'OKE', 69000, 30, 'FINISH', 1, 7717559, '2019-06-13 03:17:01', '2020-03-26 23:47:35'),
(89, 9, 2, 'SO00417633', 'POS', 'Paket Kilat Khusus', 55500, 30, 'FINISH', 1, 9854547, '2019-11-01 23:33:52', '2020-03-26 23:47:35'),
(90, 9, 1, 'SO00317448', 'JNE', 'REG', 51000, 30, 'FINISH', 1, 14520271, '2019-05-04 22:45:02', '2020-03-26 23:47:35'),
(91, 3, 1, 'SO00253801', 'POS', 'Express Next Day Barang', 30000, 30, 'FINISH', 1, 4797051, '2019-12-05 05:50:43', '2020-03-26 23:47:35'),
(92, 8, 1, 'SO00893594', 'POS', 'Paket Kilat Khusus', 48000, 30, 'FINISH', 1, 4888853, '2019-04-08 02:56:01', '2020-03-26 23:47:36'),
(93, 4, 1, 'SO00409183', 'JNE', 'OKE', 39000, 40, 'FINISH', 1, 4165848, '2019-06-16 19:35:15', '2020-03-26 23:47:36'),
(94, 5, 1, 'SO00845301', 'POS', 'Paket Kilat Khusus', 24000, 40, 'FINISH', 1, 5973757, '2019-07-05 01:18:58', '2020-03-26 23:47:36'),
(95, 7, 2, 'SO00351280', 'JNE', 'REG', 21000, 30, 'FINISH', 1, 11297740, '2019-10-12 15:36:13', '2020-03-26 23:47:36'),
(96, 3, 1, 'SO00635434', 'TIKI', 'ECO', 15000, 30, 'FINISH', 1, 11759419, '2019-04-27 03:34:38', '2020-03-26 23:47:37'),
(97, 4, 1, 'SO00651596', 'POS', 'Paket Kilat Khusus', 48000, 40, 'FINISH', 1, 13568993, '2019-09-01 08:15:37', '2020-03-26 23:47:37'),
(98, 2, 2, 'SO00629978', 'POS', 'Paket Kilat Khusus', 33000, 30, 'FINISH', 1, 14452464, '2019-10-05 16:54:02', '2020-03-26 23:47:37'),
(99, 6, 1, 'SO00249013', 'POS', 'Paket Kilat Khusus', 41500, 30, 'FINISH', 1, 5814632, '2019-04-22 20:18:33', '2020-03-26 23:47:37'),
(100, 9, 2, 'SO00585361', 'JNE', 'OKE', 46000, 30, 'FINISH', 1, 1729608, '2019-04-21 20:48:50', '2020-03-26 23:47:37'),
(101, 11, 1, 'SO00619148', 'TIKI', 'REG', 86000, 30, 'FINISH', 1, 12233400, '2019-06-09 23:09:32', '2020-03-26 23:47:38'),
(102, 10, 2, 'SO00248372', 'POS', '-', 0, 40, 'FINISH', 1, 3226360, '2020-01-26 21:42:56', '2020-03-26 23:47:38'),
(103, 3, 2, 'SO00782602', 'JNE', 'OKE', 16000, 30, 'FINISH', 1, 6552581, '2020-01-24 12:32:01', '2020-03-26 23:47:38'),
(104, 10, 2, 'SO00731346', 'TIKI', '-', 0, 40, 'FINISH', 1, 9427962, '2020-02-23 06:01:22', '2020-03-26 23:47:38'),
(105, 6, 1, 'SO00497554', 'TIKI', 'REG', 56000, 30, 'FINISH', 1, 17124585, '2019-06-16 05:10:07', '2020-03-26 23:47:39'),
(106, 4, 1, 'SO00841439', 'POS', 'Paket Kilat Khusus', 48000, 40, 'FINISH', 1, 8995530, '2019-06-11 19:01:01', '2020-03-26 23:47:39'),
(107, 3, 1, 'SO00745501', 'POS', 'Express Next Day Barang', 30000, 30, 'FINISH', 1, 8966114, '2019-06-08 23:10:17', '2020-03-26 23:47:39'),
(108, 9, 2, 'SO00418575', 'POS', 'Paket Kilat Khusus', 55500, 30, 'FINISH', 1, 5127611, '2019-12-14 00:32:17', '2020-03-26 23:47:39'),
(109, 1, 2, 'SO00468586', 'JNE', 'CTCYES', 10000, 40, 'FINISH', 1, 10244966, '2020-01-25 09:03:56', '2020-03-26 23:47:39'),
(110, 5, 2, 'SO00201105', 'TIKI', 'REG', 27000, 40, 'FINISH', 1, 7737370, '2019-09-10 17:57:08', '2020-03-26 23:47:39'),
(111, 6, 1, 'SO00137495', 'TIKI', 'ECO', 48000, 30, 'FINISH', 1, 13004443, '2019-12-18 07:15:56', '2020-03-26 23:47:39'),
(112, 6, 2, 'SO00928676', 'POS', 'Paket Kilat Khusus', 41500, 30, 'FINISH', 1, 17251493, '2019-11-23 17:46:32', '2020-03-26 23:47:39'),
(113, 7, 1, 'SO00275288', 'JNE', 'REG', 21000, 30, 'FINISH', 1, 12081274, '2019-12-01 17:51:08', '2020-03-26 23:47:39'),
(114, 1, 2, 'SO00570516', 'POS', 'Paket Kilat Khusus', 7000, 40, 'FINISH', 1, 3678762, '2020-03-11 04:10:20', '2020-03-26 23:47:40'),
(115, 7, 1, 'SO00173984', 'POS', 'Paket Kilat Khusus', 20000, 30, 'FINISH', 1, 4865486, '2020-01-14 11:58:50', '2020-03-26 23:47:40'),
(116, 11, 1, 'SO00582602', 'TIKI', 'REG', 86000, 30, 'FINISH', 1, 3450766, '2019-07-17 21:10:41', '2020-03-26 23:47:40'),
(117, 7, 2, 'SO00275966', 'POS', 'Paket Kilat Khusus', 20000, 30, 'FINISH', 1, 11515097, '2019-10-01 19:46:03', '2020-03-26 23:47:40'),
(118, 8, 2, 'SO00787997', 'POS', 'Paket Kilat Khusus', 48000, 30, 'FINISH', 1, 10511042, '2019-05-18 06:31:53', '2020-03-26 23:47:40'),
(119, 7, 1, 'SO00753664', 'POS', 'Paket Kilat Khusus', 20000, 30, 'FINISH', 1, 5166814, '2019-09-03 16:52:04', '2020-03-26 23:47:40'),
(120, 5, 1, 'SO00487818', 'TIKI', 'REG', 27000, 40, 'FINISH', 1, 9408249, '2019-04-22 22:15:51', '2020-03-26 23:47:40'),
(121, 4, 1, 'SO00509864', 'JNE', 'REG', 43000, 40, 'FINISH', 1, 2625934, '2020-01-20 17:17:11', '2020-03-26 23:47:40'),
(122, 1, 2, 'SO00503648', 'POS', 'Express Next Day Barang', 10000, 40, 'FINISH', 1, 10705958, '2020-01-06 21:12:19', '2020-03-26 23:47:40'),
(123, 6, 2, 'SO00843253', 'POS', 'Paket Kilat Khusus', 41500, 30, 'FINISH', 1, 8844418, '2019-05-13 00:54:39', '2020-03-26 23:47:40'),
(124, 8, 1, 'SO00430166', 'TIKI', 'REG', 112000, 30, 'FINISH', 1, 10332047, '2020-02-15 23:44:21', '2020-03-26 23:47:40'),
(125, 7, 1, 'SO00703237', 'JNE', 'OKE', 18000, 30, 'FINISH', 1, 9180526, '2020-01-03 05:15:01', '2020-03-26 23:47:41'),
(126, 6, 2, 'SO00221910', 'POS', 'Paket Kilat Khusus', 41500, 30, 'FINISH', 1, 7977420, '2020-01-19 22:12:26', '2020-03-26 23:47:41'),
(127, 3, 2, 'SO00939623', 'POS', 'Express Next Day Barang', 30000, 30, 'FINISH', 1, 4640629, '2019-05-20 09:03:10', '2020-03-26 23:47:41'),
(128, 1, 2, 'SO00675396', 'POS', 'Q9 Barang', 12000, 40, 'FINISH', 1, 4773362, '2019-08-27 11:58:10', '2020-03-26 23:47:41'),
(129, 10, 1, 'SO00893807', 'JNE', 'REG', 130000, 40, 'FINISH', 1, 17882460, '2019-06-29 01:15:14', '2020-03-26 23:47:41'),
(130, 2, 1, 'SO00947975', 'POS', 'Paket Kilat Khusus', 33000, 30, 'FINISH', 1, 9646034, '2019-06-25 23:03:06', '2020-03-26 23:47:41'),
(131, 8, 1, 'SO00643298', 'JNE', 'REG', 43000, 30, 'FINISH', 1, 10860326, '2019-11-13 08:40:17', '2020-03-26 23:47:41'),
(132, 5, 2, 'SO00373773', 'JNE', 'REG', 25000, 40, 'FINISH', 1, 9081395, '2019-04-25 05:47:22', '2020-03-26 23:47:41'),
(133, 4, 2, 'SO00165055', 'JNE', 'REG', 43000, 40, 'FINISH', 1, 3158982, '2020-03-16 07:12:12', '2020-03-26 23:47:41'),
(134, 9, 1, 'SO00450662', 'POS', 'Paket Kilat Khusus', 55500, 30, 'FINISH', 1, 6522198, '2019-09-30 20:19:25', '2020-03-26 23:47:41'),
(135, 10, 1, 'SO00330629', 'POS', '-', 0, 40, 'FINISH', 1, 10880696, '2019-12-16 11:01:59', '2020-03-26 23:47:41'),
(136, 3, 1, 'SO00775799', 'TIKI', 'ONS', 24000, 30, 'FINISH', 1, 7293965, '2019-07-08 08:52:57', '2020-03-26 23:47:41'),
(137, 3, 2, 'SO00340143', 'JNE', 'OKE', 16000, 30, 'FINISH', 1, 12664612, '2019-03-30 00:03:39', '2020-03-26 23:47:41'),
(138, 2, 2, 'SO00339754', 'JNE', 'OKE', 32000, 30, 'FINISH', 1, 7648208, '2019-08-06 14:54:02', '2020-03-26 23:47:41'),
(139, 3, 1, 'SO00678450', 'JNE', 'OKE', 16000, 30, 'FINISH', 1, 4934348, '2019-10-09 18:02:48', '2020-03-26 23:47:42'),
(140, 8, 2, 'SO00541087', 'POS', 'Paket Kilat Khusus', 48000, 30, 'FINISH', 1, 7589644, '2019-08-26 16:35:38', '2020-03-26 23:47:42'),
(141, 3, 2, 'SO00670468', 'JNE', 'REG', 20000, 30, 'FINISH', 1, 11941220, '2019-05-25 18:35:47', '2020-03-26 23:47:42'),
(142, 9, 1, 'SO00377288', 'JNE', 'OKE', 46000, 30, 'FINISH', 1, 7197343, '2019-04-29 06:32:36', '2020-03-26 23:47:42'),
(143, 3, 1, 'SO00939266', 'POS', 'Express Next Day Barang', 30000, 30, 'FINISH', 1, 10763224, '2020-03-13 11:15:23', '2020-03-26 23:47:42'),
(144, 5, 2, 'SO00511900', 'POS', 'Paket Kilat Khusus', 24000, 40, 'FINISH', 1, 8389777, '2019-09-05 12:20:14', '2020-03-26 23:47:42'),
(145, 1, 1, 'SO00503282', 'JNE', 'CTCYES', 10000, 40, 'FINISH', 1, 5554698, '2019-10-15 08:48:26', '2020-03-26 23:47:42'),
(146, 2, 2, 'SO00764231', 'TIKI', 'REG', 44000, 30, 'FINISH', 1, 4073406, '2019-06-20 16:13:42', '2020-03-26 23:47:42'),
(147, 8, 1, 'SO00323313', 'JNE', 'REG', 43000, 30, 'FINISH', 1, 6251248, '2019-05-02 01:39:19', '2020-03-26 23:47:42'),
(148, 9, 2, 'SO00741724', 'TIKI', 'REG', 54000, 30, 'FINISH', 1, 11955579, '2019-11-14 19:41:06', '2020-03-26 23:47:42'),
(149, 5, 2, 'SO00838485', 'JNE', 'OKE', 22000, 40, 'FINISH', 1, 10328138, '2020-02-20 20:34:27', '2020-03-26 23:47:42'),
(150, 2, 2, 'SO00909058', 'POS', 'Paket Kilat Khusus', 33000, 30, 'FINISH', 1, 5243492, '2020-02-07 05:37:10', '2020-03-26 23:47:42'),
(151, 5, 1, 'SO00205632', 'JNE', 'OKE', 22000, 40, 'FINISH', 1, 12718720, '2019-04-28 03:59:04', '2020-03-26 23:47:42'),
(152, 11, 1, 'SO00633677', 'POS', 'Paket Kilat Khusus', 71000, 30, 'FINISH', 1, 13685368, '2019-07-31 19:34:12', '2020-03-26 23:47:42'),
(153, 1, 2, 'SO00507693', 'TIKI', 'REG', 7000, 40, 'FINISH', 1, 4714603, '2019-07-24 18:12:03', '2020-03-26 23:47:42'),
(154, 10, 2, 'SO00534902', 'TIKI', '-', 0, 40, 'FINISH', 1, 4102720, '2019-08-23 01:25:53', '2020-03-26 23:47:43'),
(155, 7, 2, 'SO00667747', 'TIKI', 'ECO', 18000, 30, 'FINISH', 1, 8371180, '2019-11-23 16:27:45', '2020-03-26 23:47:43'),
(156, 9, 2, 'SO00996773', 'POS', 'Paket Kilat Khusus', 55500, 30, 'FINISH', 1, 8960406, '2019-03-31 09:58:58', '2020-03-26 23:47:43'),
(157, 8, 1, 'SO00760910', 'POS', 'Paket Kilat Khusus', 48000, 30, 'FINISH', 1, 3933851, '2020-02-09 21:08:36', '2020-03-26 23:47:43'),
(158, 7, 1, 'SO00887128', 'TIKI', 'REG', 21000, 30, 'FINISH', 1, 6969305, '2020-01-02 19:49:25', '2020-03-26 23:47:43'),
(159, 3, 2, 'SO00975422', 'TIKI', 'ONS', 24000, 30, 'FINISH', 1, 6427184, '2019-10-16 21:11:48', '2020-03-26 23:47:43'),
(160, 7, 1, 'SO00917357', 'POS', 'Paket Kilat Khusus', 20000, 30, 'FINISH', 1, 5034541, '2020-01-24 16:53:59', '2020-03-26 23:47:43'),
(161, 10, 1, 'SO00343536', 'TIKI', '-', 0, 40, 'FINISH', 1, 10921875, '2019-04-10 04:51:33', '2020-03-26 23:47:43'),
(162, 10, 2, 'SO00522973', 'POS', '-', 0, 40, 'FINISH', 1, 9370657, '2019-12-19 23:09:43', '2020-03-26 23:47:44'),
(163, 7, 1, 'SO00881770', 'TIKI', 'ECO', 18000, 30, 'FINISH', 1, 4255032, '2019-06-01 22:10:10', '2020-03-26 23:47:44'),
(164, 5, 1, 'SO00750496', 'JNE', 'REG', 25000, 40, 'FINISH', 1, 15642458, '2019-09-11 04:08:55', '2020-03-26 23:47:44'),
(165, 5, 2, 'SO00100730', 'TIKI', 'REG', 27000, 40, 'FINISH', 1, 3408304, '2019-11-28 22:57:01', '2020-03-26 23:47:44'),
(166, 5, 2, 'SO00733954', 'TIKI', 'REG', 27000, 40, 'FINISH', 1, 6820076, '2019-04-17 14:56:09', '2020-03-26 23:47:44'),
(167, 6, 2, 'SO00371965', 'POS', 'Paket Kilat Khusus', 41500, 30, 'FINISH', 1, 2590885, '2019-06-16 20:05:46', '2020-03-26 23:47:44'),
(168, 4, 2, 'SO00516541', 'JNE', 'REG', 43000, 40, 'FINISH', 1, 11881440, '2020-01-17 13:36:18', '2020-03-26 23:47:44'),
(169, 1, 1, 'SO00964236', 'TIKI', 'REG', 7000, 40, 'FINISH', 1, 6623286, '2019-07-03 21:24:57', '2020-03-26 23:47:44'),
(170, 8, 2, 'SO00661870', 'TIKI', 'REG', 112000, 30, 'FINISH', 1, 3094861, '2020-02-07 07:54:25', '2020-03-26 23:47:44'),
(171, 9, 1, 'SO00748919', 'POS', 'Paket Kilat Khusus', 55500, 30, 'FINISH', 1, 5230847, '2020-03-03 08:07:48', '2020-03-26 23:47:44'),
(172, 8, 2, 'SO00624653', 'JNE', 'OKE', 39000, 30, 'FINISH', 1, 8745206, '2020-03-06 01:05:29', '2020-03-26 23:47:44'),
(173, 8, 2, 'SO00994442', 'JNE', 'OKE', 39000, 30, 'FINISH', 1, 8006914, '2020-03-07 05:38:42', '2020-03-26 23:47:44'),
(174, 8, 1, 'SO00738220', 'POS', 'Paket Kilat Khusus', 48000, 30, 'FINISH', 1, 6722696, '2019-06-23 17:36:44', '2020-03-26 23:47:44'),
(175, 4, 1, 'SO00613882', 'TIKI', 'REG', 112000, 40, 'FINISH', 1, 11619903, '2019-12-09 03:16:05', '2020-03-26 23:47:44'),
(176, 5, 1, 'SO00116822', 'TIKI', 'REG', 27000, 40, 'FINISH', 1, 13204295, '2019-10-01 03:19:49', '2020-03-26 23:47:44'),
(177, 5, 1, 'SO00811980', 'JNE', 'REG', 25000, 40, 'FINISH', 1, 4749664, '2019-06-01 06:56:26', '2020-03-26 23:47:45'),
(178, 8, 2, 'SO00678895', 'POS', 'Paket Kilat Khusus', 48000, 30, 'FINISH', 1, 7642738, '2019-05-23 05:44:26', '2020-03-26 23:47:45'),
(179, 8, 2, 'SO00584894', 'JNE', 'OKE', 39000, 30, 'FINISH', 1, 8239922, '2019-06-11 18:52:11', '2020-03-26 23:47:45'),
(180, 7, 1, 'SO00611241', 'TIKI', 'REG', 21000, 30, 'FINISH', 1, 3347165, '2019-09-29 10:29:05', '2020-03-26 23:47:45'),
(181, 9, 2, 'SO00415067', 'TIKI', 'REG', 54000, 30, 'FINISH', 1, 6356846, '2019-03-27 15:06:01', '2020-03-26 23:47:45'),
(182, 8, 2, 'SO00251157', 'POS', 'Paket Kilat Khusus', 48000, 30, 'FINISH', 1, 7818406, '2020-02-24 22:23:41', '2020-03-26 23:47:45'),
(183, 4, 2, 'SO00500182', 'TIKI', 'REG', 112000, 40, 'FINISH', 1, 2903837, '2020-03-18 12:52:18', '2020-03-26 23:47:45'),
(184, 8, 2, 'SO00172078', 'POS', 'Paket Kilat Khusus', 48000, 30, 'FINISH', 1, 9894090, '2019-06-17 17:22:53', '2020-03-26 23:47:45'),
(185, 10, 2, 'SO00460587', 'JNE', 'REG', 130000, 40, 'FINISH', 1, 5187809, '2020-01-06 02:32:53', '2020-03-26 23:47:45'),
(186, 3, 2, 'SO00875315', 'POS', 'Paket Kilat Khusus', 19000, 30, 'FINISH', 1, 7554967, '2020-03-24 19:56:12', '2020-03-26 23:47:45'),
(187, 3, 1, 'SO00208877', 'TIKI', 'ONS', 24000, 30, 'FINISH', 1, 8325212, '2019-09-16 00:51:14', '2020-03-26 23:47:45'),
(188, 3, 1, 'SO00120585', 'TIKI', 'REG', 17000, 30, 'FINISH', 1, 3892088, '2019-08-19 07:20:24', '2020-03-26 23:47:46'),
(189, 9, 1, 'SO00596655', 'TIKI', 'REG', 54000, 30, 'FINISH', 1, 5392614, '2019-07-19 17:39:56', '2020-03-26 23:47:46'),
(190, 11, 1, 'SO00239336', 'POS', 'Paket Kilat Khusus', 71000, 30, 'FINISH', 1, 9084904, '2019-07-12 03:13:01', '2020-03-26 23:47:46'),
(191, 6, 2, 'SO00389084', 'JNE', 'REG', 42000, 30, 'FINISH', 1, 6159164, '2019-08-12 18:51:38', '2020-03-26 23:47:46'),
(192, 11, 2, 'SO00585862', 'JNE', 'OKE', 69000, 30, 'FINISH', 1, 11093101, '2019-07-25 23:22:10', '2020-03-26 23:47:46'),
(193, 4, 2, 'SO00990719', 'POS', 'Paket Kilat Khusus', 48000, 40, 'FINISH', 1, 10251256, '2019-04-10 14:49:25', '2020-03-26 23:47:46'),
(194, 11, 2, 'SO00306684', 'TIKI', 'REG', 86000, 30, 'FINISH', 1, 8636486, '2019-04-10 12:26:34', '2020-03-26 23:47:46'),
(195, 1, 1, 'SO00840160', 'POS', 'Q9 Barang', 12000, 40, 'FINISH', 1, 9729627, '2019-04-01 08:57:17', '2020-03-26 23:47:46'),
(196, 10, 2, 'SO00964276', 'POS', '-', 0, 40, 'FINISH', 1, 10256581, '2020-01-05 04:04:03', '2020-03-26 23:47:46'),
(197, 7, 2, 'SO00842383', 'TIKI', 'REG', 21000, 30, 'FINISH', 1, 10941770, '2019-08-06 09:43:09', '2020-03-26 23:47:46'),
(198, 1, 2, 'SO00785886', 'TIKI', 'ECO', 6000, 40, 'FINISH', 1, 10320219, '2019-08-17 08:39:59', '2020-03-26 23:47:46'),
(199, 2, 1, 'SO00292018', 'POS', 'Paket Kilat Khusus', 33000, 30, 'FINISH', 1, 5708346, '2019-06-26 23:02:49', '2020-03-26 23:47:47'),
(200, 7, 1, 'SO00940207', 'JNE', 'OKE', 18000, 30, 'FINISH', 1, 2837385, '2020-03-01 13:50:07', '2020-03-26 23:47:47');

-- --------------------------------------------------------

--
-- Table structure for table `purchase_details`
--

CREATE TABLE `purchase_details` (
  `id` bigint(20) UNSIGNED NOT NULL,
  `purchase_id` bigint(20) UNSIGNED NOT NULL,
  `inventory_id` bigint(20) UNSIGNED NOT NULL,
  `qty` int(11) NOT NULL,
  `status` varchar(255) COLLATE utf8mb4_unicode_ci NOT NULL,
  `subtotal` int(11) NOT NULL,
  `created_at` timestamp NULL DEFAULT NULL,
  `updated_at` timestamp NULL DEFAULT NULL
) ENGINE=InnoDB DEFAULT CHARSET=utf8mb4 COLLATE=utf8mb4_unicode_ci;

--
-- Dumping data for table `purchase_details`
--

INSERT INTO `purchase_details` (`id`, `purchase_id`, `inventory_id`, `qty`, `status`, `subtotal`, `created_at`, `updated_at`) VALUES
(1, 1, 1246, 4, 'OK', 2428584, '2020-03-26 23:47:13', '2020-03-26 23:47:13'),
(2, 1, 698, 9, 'OK', 3763548, '2020-03-26 23:47:13', '2020-03-26 23:47:13'),
(3, 1, 1051, 1, 'OK', 150108, '2020-03-26 23:47:14', '2020-03-26 23:47:14'),
(4, 2, 150, 6, 'OK', 3053292, '2020-03-26 23:47:15', '2020-03-26 23:47:15'),
(5, 2, 485, 1, 'OK', 993470, '2020-03-26 23:47:16', '2020-03-26 23:47:16'),
(6, 2, 697, 4, 'OK', 1672688, '2020-03-26 23:47:16', '2020-03-26 23:47:16'),
(7, 3, 1309, 2, 'OK', 1214292, '2020-03-26 23:47:17', '2020-03-26 23:47:17'),
(8, 3, 29, 6, 'OK', 3570096, '2020-03-26 23:47:17', '2020-03-26 23:47:17'),
(9, 3, 1006, 1, 'OK', 150108, '2020-03-26 23:47:17', '2020-03-26 23:47:17'),
(10, 4, 1093, 3, 'OK', 653883, '2020-03-26 23:47:18', '2020-03-26 23:47:18'),
(11, 4, 1005, 4, 'OK', 600432, '2020-03-26 23:47:19', '2020-03-26 23:47:19'),
(12, 4, 858, 4, 'OK', 2406532, '2020-03-26 23:47:19', '2020-03-26 23:47:19'),
(13, 5, 990, 1, 'OK', 150108, '2020-03-26 23:47:21', '2020-03-26 23:47:21'),
(14, 5, 681, 7, 'OK', 2927204, '2020-03-26 23:47:21', '2020-03-26 23:47:21'),
(15, 5, 862, 7, 'OK', 4211431, '2020-03-26 23:47:21', '2020-03-26 23:47:21'),
(16, 6, 902, 4, 'OK', 2406532, '2020-03-26 23:47:22', '2020-03-26 23:47:22'),
(17, 6, 687, 10, 'OK', 4181720, '2020-03-26 23:47:22', '2020-03-26 23:47:22'),
(18, 6, 798, 9, 'OK', 3763548, '2020-03-26 23:47:23', '2020-03-26 23:47:23'),
(19, 7, 48, 2, 'OK', 1190032, '2020-03-26 23:47:23', '2020-03-26 23:47:23'),
(20, 7, 1120, 10, 'OK', 2179610, '2020-03-26 23:47:23', '2020-03-26 23:47:23'),
(21, 7, 997, 4, 'OK', 600432, '2020-03-26 23:47:23', '2020-03-26 23:47:23'),
(22, 8, 122, 7, 'OK', 3562174, '2020-03-26 23:47:24', '2020-03-26 23:47:24'),
(23, 8, 868, 7, 'OK', 4211431, '2020-03-26 23:47:24', '2020-03-26 23:47:24'),
(24, 8, 719, 6, 'OK', 2509032, '2020-03-26 23:47:24', '2020-03-26 23:47:24'),
(25, 9, 71, 5, 'OK', 2975080, '2020-03-26 23:47:25', '2020-03-26 23:47:25'),
(26, 9, 1092, 6, 'OK', 1307766, '2020-03-26 23:47:25', '2020-03-26 23:47:25'),
(27, 9, 10, 7, 'OK', 4165112, '2020-03-26 23:47:26', '2020-03-26 23:47:26'),
(28, 10, 508, 8, 'OK', 1497232, '2020-03-26 23:47:26', '2020-03-26 23:47:26'),
(29, 10, 853, 1, 'OK', 601633, '2020-03-26 23:47:26', '2020-03-26 23:47:26'),
(30, 10, 410, 10, 'OK', 6116910, '2020-03-26 23:47:27', '2020-03-26 23:47:27'),
(31, 11, 120, 9, 'OK', 4579938, '2020-03-26 23:47:27', '2020-03-26 23:47:27'),
(32, 11, 445, 5, 'OK', 4967350, '2020-03-26 23:47:28', '2020-03-26 23:47:28'),
(33, 11, 515, 6, 'OK', 1122924, '2020-03-26 23:47:29', '2020-03-26 23:47:29'),
(34, 12, 900, 7, 'OK', 4211431, '2020-03-26 23:47:29', '2020-03-26 23:47:29'),
(35, 12, 1124, 9, 'OK', 1961649, '2020-03-26 23:47:29', '2020-03-26 23:47:29'),
(36, 12, 988, 4, 'OK', 600432, '2020-03-26 23:47:29', '2020-03-26 23:47:29'),
(37, 13, 358, 6, 'OK', 3670146, '2020-03-26 23:47:29', '2020-03-26 23:47:29'),
(38, 13, 453, 8, 'OK', 7947760, '2020-03-26 23:47:29', '2020-03-26 23:47:29'),
(39, 13, 392, 6, 'OK', 3670146, '2020-03-26 23:47:29', '2020-03-26 23:47:29'),
(40, 14, 295, 9, 'OK', 5505219, '2020-03-26 23:47:29', '2020-03-26 23:47:29'),
(41, 14, 1235, 5, 'OK', 3035730, '2020-03-26 23:47:29', '2020-03-26 23:47:29'),
(42, 14, 147, 1, 'OK', 508882, '2020-03-26 23:47:29', '2020-03-26 23:47:29'),
(43, 15, 1213, 1, 'OK', 607146, '2020-03-26 23:47:29', '2020-03-26 23:47:29'),
(44, 15, 435, 2, 'OK', 1986940, '2020-03-26 23:47:29', '2020-03-26 23:47:29'),
(45, 15, 520, 6, 'OK', 1122924, '2020-03-26 23:47:29', '2020-03-26 23:47:29'),
(46, 16, 1120, 3, 'OK', 653883, '2020-03-26 23:47:29', '2020-03-26 23:47:29'),
(47, 16, 1105, 8, 'OK', 1743688, '2020-03-26 23:47:29', '2020-03-26 23:47:29'),
(48, 16, 310, 10, 'OK', 6116910, '2020-03-26 23:47:29', '2020-03-26 23:47:29'),
(49, 17, 1003, 3, 'OK', 450324, '2020-03-26 23:47:29', '2020-03-26 23:47:29'),
(50, 17, 24, 6, 'OK', 3570096, '2020-03-26 23:47:29', '2020-03-26 23:47:29'),
(51, 17, 45, 9, 'OK', 5355144, '2020-03-26 23:47:29', '2020-03-26 23:47:29'),
(52, 18, 585, 4, 'OK', 748616, '2020-03-26 23:47:29', '2020-03-26 23:47:29'),
(53, 18, 502, 7, 'OK', 1310078, '2020-03-26 23:47:29', '2020-03-26 23:47:29'),
(54, 18, 734, 1, 'OK', 418172, '2020-03-26 23:47:29', '2020-03-26 23:47:29'),
(55, 19, 318, 6, 'OK', 3670146, '2020-03-26 23:47:29', '2020-03-26 23:47:29'),
(56, 19, 875, 2, 'OK', 1203266, '2020-03-26 23:47:29', '2020-03-26 23:47:29'),
(57, 19, 296, 2, 'OK', 1223382, '2020-03-26 23:47:29', '2020-03-26 23:47:29'),
(58, 20, 430, 7, 'OK', 6954290, '2020-03-26 23:47:29', '2020-03-26 23:47:29'),
(59, 20, 300, 9, 'OK', 5505219, '2020-03-26 23:47:29', '2020-03-26 23:47:29'),
(60, 20, 292, 7, 'OK', 4281837, '2020-03-26 23:47:29', '2020-03-26 23:47:29'),
(61, 21, 450, 8, 'OK', 7947760, '2020-03-26 23:47:29', '2020-03-26 23:47:29'),
(62, 21, 424, 8, 'OK', 7947760, '2020-03-26 23:47:29', '2020-03-26 23:47:29'),
(63, 21, 1128, 1, 'OK', 217961, '2020-03-26 23:47:29', '2020-03-26 23:47:29'),
(64, 22, 1126, 4, 'OK', 871844, '2020-03-26 23:47:29', '2020-03-26 23:47:29'),
(65, 22, 423, 8, 'OK', 7947760, '2020-03-26 23:47:29', '2020-03-26 23:47:29'),
(66, 22, 1241, 9, 'OK', 5464314, '2020-03-26 23:47:29', '2020-03-26 23:47:29'),
(67, 23, 1169, 6, 'OK', 1307766, '2020-03-26 23:47:29', '2020-03-26 23:47:29'),
(68, 23, 1001, 10, 'OK', 1501080, '2020-03-26 23:47:30', '2020-03-26 23:47:30'),
(69, 23, 1012, 6, 'OK', 900648, '2020-03-26 23:47:30', '2020-03-26 23:47:30'),
(70, 24, 453, 3, 'OK', 2980410, '2020-03-26 23:47:30', '2020-03-26 23:47:30'),
(71, 24, 1149, 7, 'OK', 1525727, '2020-03-26 23:47:30', '2020-03-26 23:47:30'),
(72, 24, 702, 2, 'OK', 836344, '2020-03-26 23:47:30', '2020-03-26 23:47:30'),
(73, 25, 1199, 3, 'OK', 1821438, '2020-03-26 23:47:30', '2020-03-26 23:47:30'),
(74, 25, 1094, 4, 'OK', 871844, '2020-03-26 23:47:30', '2020-03-26 23:47:30'),
(75, 25, 1105, 7, 'OK', 1525727, '2020-03-26 23:47:30', '2020-03-26 23:47:30'),
(76, 26, 1195, 3, 'OK', 1821438, '2020-03-26 23:47:30', '2020-03-26 23:47:30'),
(77, 26, 1236, 9, 'OK', 5464314, '2020-03-26 23:47:30', '2020-03-26 23:47:30'),
(78, 26, 849, 10, 'OK', 6016330, '2020-03-26 23:47:30', '2020-03-26 23:47:30'),
(79, 27, 514, 7, 'OK', 1310078, '2020-03-26 23:47:30', '2020-03-26 23:47:30'),
(80, 27, 880, 5, 'OK', 3008165, '2020-03-26 23:47:30', '2020-03-26 23:47:30'),
(81, 27, 1206, 8, 'OK', 4857168, '2020-03-26 23:47:30', '2020-03-26 23:47:30'),
(82, 28, 423, 9, 'OK', 8941230, '2020-03-26 23:47:30', '2020-03-26 23:47:30'),
(83, 28, 1091, 10, 'OK', 2179610, '2020-03-26 23:47:30', '2020-03-26 23:47:30'),
(84, 28, 868, 8, 'OK', 4813064, '2020-03-26 23:47:30', '2020-03-26 23:47:30'),
(85, 29, 1002, 3, 'OK', 450324, '2020-03-26 23:47:30', '2020-03-26 23:47:30'),
(86, 29, 1084, 3, 'OK', 450324, '2020-03-26 23:47:30', '2020-03-26 23:47:30'),
(87, 29, 255, 5, 'OK', 2544410, '2020-03-26 23:47:30', '2020-03-26 23:47:30'),
(88, 30, 130, 4, 'OK', 2035528, '2020-03-26 23:47:30', '2020-03-26 23:47:30'),
(89, 30, 1125, 2, 'OK', 435922, '2020-03-26 23:47:30', '2020-03-26 23:47:30'),
(90, 30, 868, 7, 'OK', 4211431, '2020-03-26 23:47:30', '2020-03-26 23:47:30'),
(91, 31, 1128, 2, 'OK', 435922, '2020-03-26 23:47:30', '2020-03-26 23:47:30'),
(92, 31, 689, 6, 'OK', 2509032, '2020-03-26 23:47:30', '2020-03-26 23:47:30'),
(93, 31, 1156, 10, 'OK', 2179610, '2020-03-26 23:47:30', '2020-03-26 23:47:30'),
(94, 32, 848, 5, 'OK', 2090860, '2020-03-26 23:47:30', '2020-03-26 23:47:30'),
(95, 32, 423, 9, 'OK', 8941230, '2020-03-26 23:47:30', '2020-03-26 23:47:30'),
(96, 32, 932, 6, 'OK', 3609798, '2020-03-26 23:47:30', '2020-03-26 23:47:30'),
(97, 33, 738, 1, 'OK', 418172, '2020-03-26 23:47:30', '2020-03-26 23:47:30'),
(98, 33, 995, 5, 'OK', 750540, '2020-03-26 23:47:30', '2020-03-26 23:47:30'),
(99, 33, 447, 1, 'OK', 993470, '2020-03-26 23:47:30', '2020-03-26 23:47:30'),
(100, 34, 1025, 8, 'OK', 1200864, '2020-03-26 23:47:31', '2020-03-26 23:47:31'),
(101, 34, 155, 8, 'OK', 4071056, '2020-03-26 23:47:31', '2020-03-26 23:47:31'),
(102, 34, 326, 8, 'OK', 4893528, '2020-03-26 23:47:31', '2020-03-26 23:47:31'),
(103, 35, 503, 10, 'OK', 1871540, '2020-03-26 23:47:31', '2020-03-26 23:47:31'),
(104, 35, 432, 4, 'OK', 3973880, '2020-03-26 23:47:31', '2020-03-26 23:47:31'),
(105, 35, 510, 2, 'OK', 374308, '2020-03-26 23:47:31', '2020-03-26 23:47:31'),
(106, 36, 1246, 3, 'OK', 1821438, '2020-03-26 23:47:31', '2020-03-26 23:47:31'),
(107, 36, 1025, 2, 'OK', 300216, '2020-03-26 23:47:31', '2020-03-26 23:47:31'),
(108, 36, 709, 5, 'OK', 2090860, '2020-03-26 23:47:31', '2020-03-26 23:47:31'),
(109, 37, 302, 7, 'OK', 4281837, '2020-03-26 23:47:31', '2020-03-26 23:47:31'),
(110, 37, 1126, 2, 'OK', 435922, '2020-03-26 23:47:31', '2020-03-26 23:47:31'),
(111, 37, 878, 2, 'OK', 1203266, '2020-03-26 23:47:31', '2020-03-26 23:47:31'),
(112, 38, 1023, 3, 'OK', 450324, '2020-03-26 23:47:31', '2020-03-26 23:47:31'),
(113, 38, 1125, 8, 'OK', 1743688, '2020-03-26 23:47:31', '2020-03-26 23:47:31'),
(114, 38, 1036, 4, 'OK', 600432, '2020-03-26 23:47:31', '2020-03-26 23:47:31'),
(115, 39, 704, 8, 'OK', 3345376, '2020-03-26 23:47:31', '2020-03-26 23:47:31'),
(116, 39, 684, 3, 'OK', 1254516, '2020-03-26 23:47:31', '2020-03-26 23:47:31'),
(117, 39, 311, 4, 'OK', 2446764, '2020-03-26 23:47:31', '2020-03-26 23:47:31'),
(118, 40, 854, 7, 'OK', 4211431, '2020-03-26 23:47:31', '2020-03-26 23:47:31'),
(119, 40, 1169, 3, 'OK', 653883, '2020-03-26 23:47:31', '2020-03-26 23:47:31'),
(120, 40, 991, 2, 'OK', 300216, '2020-03-26 23:47:31', '2020-03-26 23:47:31'),
(121, 41, 1045, 2, 'OK', 300216, '2020-03-26 23:47:31', '2020-03-26 23:47:31'),
(122, 41, 1036, 9, 'OK', 1350972, '2020-03-26 23:47:31', '2020-03-26 23:47:31'),
(123, 41, 726, 9, 'OK', 3763548, '2020-03-26 23:47:31', '2020-03-26 23:47:31'),
(124, 42, 883, 8, 'OK', 4813064, '2020-03-26 23:47:31', '2020-03-26 23:47:31'),
(125, 42, 1224, 6, 'OK', 3642876, '2020-03-26 23:47:31', '2020-03-26 23:47:31'),
(126, 42, 1013, 1, 'OK', 150108, '2020-03-26 23:47:31', '2020-03-26 23:47:31'),
(127, 43, 293, 7, 'OK', 4281837, '2020-03-26 23:47:31', '2020-03-26 23:47:31'),
(128, 43, 883, 8, 'OK', 4813064, '2020-03-26 23:47:31', '2020-03-26 23:47:31'),
(129, 43, 1007, 2, 'OK', 300216, '2020-03-26 23:47:31', '2020-03-26 23:47:31'),
(130, 44, 1220, 6, 'OK', 3642876, '2020-03-26 23:47:31', '2020-03-26 23:47:31'),
(131, 44, 223, 7, 'OK', 3562174, '2020-03-26 23:47:31', '2020-03-26 23:47:31'),
(132, 44, 185, 10, 'OK', 5088820, '2020-03-26 23:47:31', '2020-03-26 23:47:31'),
(133, 45, 1190, 6, 'OK', 1307766, '2020-03-26 23:47:31', '2020-03-26 23:47:31'),
(134, 45, 683, 1, 'OK', 418172, '2020-03-26 23:47:31', '2020-03-26 23:47:31'),
(135, 45, 865, 1, 'OK', 601633, '2020-03-26 23:47:31', '2020-03-26 23:47:31'),
(136, 46, 358, 5, 'OK', 3058455, '2020-03-26 23:47:32', '2020-03-26 23:47:32'),
(137, 46, 24, 5, 'OK', 2975080, '2020-03-26 23:47:32', '2020-03-26 23:47:32'),
(138, 46, 326, 5, 'OK', 3058455, '2020-03-26 23:47:32', '2020-03-26 23:47:32'),
(139, 47, 307, 7, 'OK', 4281837, '2020-03-26 23:47:32', '2020-03-26 23:47:32'),
(140, 47, 324, 1, 'OK', 611691, '2020-03-26 23:47:32', '2020-03-26 23:47:32'),
(141, 47, 174, 8, 'OK', 4071056, '2020-03-26 23:47:32', '2020-03-26 23:47:32'),
(142, 48, 515, 2, 'OK', 374308, '2020-03-26 23:47:32', '2020-03-26 23:47:32'),
(143, 48, 1112, 6, 'OK', 1307766, '2020-03-26 23:47:32', '2020-03-26 23:47:32'),
(144, 48, 1006, 4, 'OK', 600432, '2020-03-26 23:47:32', '2020-03-26 23:47:32'),
(145, 49, 990, 10, 'OK', 1501080, '2020-03-26 23:47:32', '2020-03-26 23:47:32'),
(146, 49, 734, 6, 'OK', 2509032, '2020-03-26 23:47:32', '2020-03-26 23:47:32'),
(147, 49, 1239, 6, 'OK', 3642876, '2020-03-26 23:47:32', '2020-03-26 23:47:32'),
(148, 50, 255, 4, 'OK', 2035528, '2020-03-26 23:47:32', '2020-03-26 23:47:32'),
(149, 50, 709, 3, 'OK', 1254516, '2020-03-26 23:47:32', '2020-03-26 23:47:32'),
(150, 50, 681, 10, 'OK', 4181720, '2020-03-26 23:47:32', '2020-03-26 23:47:32'),
(151, 51, 440, 1, 'OK', 993470, '2020-03-26 23:47:32', '2020-03-26 23:47:32'),
(152, 51, 584, 1, 'OK', 187154, '2020-03-26 23:47:32', '2020-03-26 23:47:32'),
(153, 51, 1268, 6, 'OK', 3642876, '2020-03-26 23:47:32', '2020-03-26 23:47:32'),
(154, 52, 1317, 9, 'OK', 5464314, '2020-03-26 23:47:32', '2020-03-26 23:47:32'),
(155, 52, 444, 1, 'OK', 993470, '2020-03-26 23:47:32', '2020-03-26 23:47:32'),
(156, 52, 33, 7, 'OK', 4165112, '2020-03-26 23:47:32', '2020-03-26 23:47:32'),
(157, 53, 891, 7, 'OK', 4211431, '2020-03-26 23:47:32', '2020-03-26 23:47:32'),
(158, 53, 902, 4, 'OK', 2406532, '2020-03-26 23:47:32', '2020-03-26 23:47:32'),
(159, 53, 445, 6, 'OK', 5960820, '2020-03-26 23:47:32', '2020-03-26 23:47:32'),
(160, 54, 513, 8, 'OK', 1497232, '2020-03-26 23:47:32', '2020-03-26 23:47:32'),
(161, 54, 19, 4, 'OK', 2380064, '2020-03-26 23:47:32', '2020-03-26 23:47:32'),
(162, 54, 709, 8, 'OK', 3345376, '2020-03-26 23:47:32', '2020-03-26 23:47:32'),
(163, 55, 514, 6, 'OK', 1122924, '2020-03-26 23:47:32', '2020-03-26 23:47:32'),
(164, 55, 1109, 9, 'OK', 1961649, '2020-03-26 23:47:32', '2020-03-26 23:47:32'),
(165, 55, 1126, 10, 'OK', 2179610, '2020-03-26 23:47:32', '2020-03-26 23:47:32'),
(166, 56, 852, 3, 'OK', 1804899, '2020-03-26 23:47:32', '2020-03-26 23:47:32'),
(167, 56, 1113, 2, 'OK', 435922, '2020-03-26 23:47:32', '2020-03-26 23:47:32'),
(168, 56, 1112, 6, 'OK', 1307766, '2020-03-26 23:47:32', '2020-03-26 23:47:32'),
(169, 57, 8, 6, 'OK', 3570096, '2020-03-26 23:47:33', '2020-03-26 23:47:33'),
(170, 57, 949, 7, 'OK', 4211431, '2020-03-26 23:47:33', '2020-03-26 23:47:33'),
(171, 57, 997, 4, 'OK', 600432, '2020-03-26 23:47:33', '2020-03-26 23:47:33'),
(172, 58, 411, 9, 'OK', 8941230, '2020-03-26 23:47:33', '2020-03-26 23:47:33'),
(173, 58, 6, 7, 'OK', 4165112, '2020-03-26 23:47:33', '2020-03-26 23:47:33'),
(174, 58, 1198, 2, 'OK', 1214292, '2020-03-26 23:47:33', '2020-03-26 23:47:33'),
(175, 59, 308, 6, 'OK', 3670146, '2020-03-26 23:47:33', '2020-03-26 23:47:33'),
(176, 59, 293, 4, 'OK', 2446764, '2020-03-26 23:47:33', '2020-03-26 23:47:33'),
(177, 59, 1125, 3, 'OK', 653883, '2020-03-26 23:47:33', '2020-03-26 23:47:33'),
(178, 60, 694, 9, 'OK', 3763548, '2020-03-26 23:47:33', '2020-03-26 23:47:33'),
(179, 60, 155, 7, 'OK', 3562174, '2020-03-26 23:47:33', '2020-03-26 23:47:33'),
(180, 60, 1235, 8, 'OK', 4857168, '2020-03-26 23:47:33', '2020-03-26 23:47:33'),
(181, 61, 15, 8, 'OK', 4760128, '2020-03-26 23:47:33', '2020-03-26 23:47:33'),
(182, 61, 871, 5, 'OK', 3008165, '2020-03-26 23:47:33', '2020-03-26 23:47:33'),
(183, 61, 1203, 4, 'OK', 2428584, '2020-03-26 23:47:33', '2020-03-26 23:47:33'),
(184, 62, 450, 3, 'OK', 2980410, '2020-03-26 23:47:33', '2020-03-26 23:47:33'),
(185, 62, 1098, 9, 'OK', 1961649, '2020-03-26 23:47:33', '2020-03-26 23:47:33'),
(186, 62, 883, 6, 'OK', 3609798, '2020-03-26 23:47:33', '2020-03-26 23:47:33'),
(187, 63, 719, 2, 'OK', 836344, '2020-03-26 23:47:33', '2020-03-26 23:47:33'),
(188, 63, 209, 6, 'OK', 3053292, '2020-03-26 23:47:33', '2020-03-26 23:47:33'),
(189, 63, 419, 4, 'OK', 3973880, '2020-03-26 23:47:33', '2020-03-26 23:47:33'),
(190, 64, 150, 6, 'OK', 3053292, '2020-03-26 23:47:33', '2020-03-26 23:47:33'),
(191, 64, 12, 10, 'OK', 5950160, '2020-03-26 23:47:33', '2020-03-26 23:47:33'),
(192, 64, 1041, 6, 'OK', 900648, '2020-03-26 23:47:33', '2020-03-26 23:47:33'),
(193, 65, 294, 2, 'OK', 1223382, '2020-03-26 23:47:33', '2020-03-26 23:47:33'),
(194, 65, 300, 4, 'OK', 2446764, '2020-03-26 23:47:33', '2020-03-26 23:47:33'),
(195, 65, 738, 1, 'OK', 418172, '2020-03-26 23:47:33', '2020-03-26 23:47:33'),
(196, 66, 507, 9, 'OK', 1684386, '2020-03-26 23:47:33', '2020-03-26 23:47:33'),
(197, 66, 1002, 8, 'OK', 1200864, '2020-03-26 23:47:34', '2020-03-26 23:47:34'),
(198, 66, 430, 3, 'OK', 2980410, '2020-03-26 23:47:34', '2020-03-26 23:47:34'),
(199, 67, 678, 5, 'OK', 2090860, '2020-03-26 23:47:34', '2020-03-26 23:47:34'),
(200, 67, 532, 9, 'OK', 1684386, '2020-03-26 23:47:34', '2020-03-26 23:47:34'),
(201, 67, 122, 8, 'OK', 4071056, '2020-03-26 23:47:34', '2020-03-26 23:47:34'),
(202, 68, 306, 1, 'OK', 611691, '2020-03-26 23:47:34', '2020-03-26 23:47:34'),
(203, 68, 541, 10, 'OK', 1871540, '2020-03-26 23:47:34', '2020-03-26 23:47:34'),
(204, 68, 1141, 10, 'OK', 2179610, '2020-03-26 23:47:34', '2020-03-26 23:47:34'),
(205, 69, 982, 8, 'OK', 4813064, '2020-03-26 23:47:34', '2020-03-26 23:47:34'),
(206, 69, 411, 6, 'OK', 5960820, '2020-03-26 23:47:34', '2020-03-26 23:47:34'),
(207, 69, 691, 5, 'OK', 2090860, '2020-03-26 23:47:34', '2020-03-26 23:47:34'),
(208, 70, 532, 8, 'OK', 1497232, '2020-03-26 23:47:34', '2020-03-26 23:47:34'),
(209, 70, 415, 4, 'OK', 3973880, '2020-03-26 23:47:34', '2020-03-26 23:47:34'),
(210, 70, 430, 3, 'OK', 2980410, '2020-03-26 23:47:34', '2020-03-26 23:47:34'),
(211, 71, 1195, 9, 'OK', 5464314, '2020-03-26 23:47:34', '2020-03-26 23:47:34'),
(212, 71, 501, 10, 'OK', 1871540, '2020-03-26 23:47:34', '2020-03-26 23:47:34'),
(213, 71, 996, 5, 'OK', 750540, '2020-03-26 23:47:34', '2020-03-26 23:47:34'),
(214, 72, 15, 1, 'OK', 595016, '2020-03-26 23:47:34', '2020-03-26 23:47:34'),
(215, 72, 328, 2, 'OK', 1223382, '2020-03-26 23:47:34', '2020-03-26 23:47:34'),
(216, 72, 858, 5, 'OK', 3008165, '2020-03-26 23:47:34', '2020-03-26 23:47:34'),
(217, 73, 1218, 10, 'OK', 6071460, '2020-03-26 23:47:34', '2020-03-26 23:47:34'),
(218, 73, 894, 10, 'OK', 6016330, '2020-03-26 23:47:34', '2020-03-26 23:47:34'),
(219, 73, 858, 5, 'OK', 3008165, '2020-03-26 23:47:34', '2020-03-26 23:47:34'),
(220, 74, 305, 7, 'OK', 4281837, '2020-03-26 23:47:34', '2020-03-26 23:47:34'),
(221, 74, 904, 8, 'OK', 4813064, '2020-03-26 23:47:34', '2020-03-26 23:47:34'),
(222, 74, 294, 7, 'OK', 4281837, '2020-03-26 23:47:34', '2020-03-26 23:47:34'),
(223, 75, 1024, 5, 'OK', 750540, '2020-03-26 23:47:34', '2020-03-26 23:47:34'),
(224, 75, 859, 6, 'OK', 3609798, '2020-03-26 23:47:34', '2020-03-26 23:47:34'),
(225, 75, 687, 2, 'OK', 836344, '2020-03-26 23:47:34', '2020-03-26 23:47:34'),
(226, 76, 1241, 8, 'OK', 4857168, '2020-03-26 23:47:34', '2020-03-26 23:47:34'),
(227, 76, 682, 9, 'OK', 3763548, '2020-03-26 23:47:34', '2020-03-26 23:47:34'),
(228, 76, 318, 2, 'OK', 1223382, '2020-03-26 23:47:34', '2020-03-26 23:47:34'),
(229, 77, 324, 1, 'OK', 611691, '2020-03-26 23:47:35', '2020-03-26 23:47:35'),
(230, 77, 678, 9, 'OK', 3763548, '2020-03-26 23:47:35', '2020-03-26 23:47:35'),
(231, 77, 21, 4, 'OK', 2380064, '2020-03-26 23:47:35', '2020-03-26 23:47:35'),
(232, 78, 515, 3, 'OK', 561462, '2020-03-26 23:47:35', '2020-03-26 23:47:35'),
(233, 78, 468, 7, 'OK', 6954290, '2020-03-26 23:47:35', '2020-03-26 23:47:35'),
(234, 78, 433, 9, 'OK', 8941230, '2020-03-26 23:47:35', '2020-03-26 23:47:35'),
(235, 79, 1239, 2, 'OK', 1214292, '2020-03-26 23:47:35', '2020-03-26 23:47:35'),
(236, 79, 718, 6, 'OK', 2509032, '2020-03-26 23:47:35', '2020-03-26 23:47:35'),
(237, 79, 326, 8, 'OK', 4893528, '2020-03-26 23:47:35', '2020-03-26 23:47:35'),
(238, 80, 994, 8, 'OK', 1200864, '2020-03-26 23:47:35', '2020-03-26 23:47:35'),
(239, 80, 1122, 7, 'OK', 1525727, '2020-03-26 23:47:35', '2020-03-26 23:47:35'),
(240, 80, 585, 6, 'OK', 1122924, '2020-03-26 23:47:35', '2020-03-26 23:47:35'),
(241, 81, 994, 9, 'OK', 1350972, '2020-03-26 23:47:35', '2020-03-26 23:47:35'),
(242, 81, 1121, 4, 'OK', 871844, '2020-03-26 23:47:35', '2020-03-26 23:47:35'),
(243, 81, 513, 9, 'OK', 1684386, '2020-03-26 23:47:35', '2020-03-26 23:47:35'),
(244, 82, 433, 2, 'OK', 1986940, '2020-03-26 23:47:35', '2020-03-26 23:47:35'),
(245, 82, 139, 6, 'OK', 3053292, '2020-03-26 23:47:35', '2020-03-26 23:47:35'),
(246, 82, 518, 4, 'OK', 748616, '2020-03-26 23:47:35', '2020-03-26 23:47:35'),
(247, 83, 726, 3, 'OK', 1254516, '2020-03-26 23:47:35', '2020-03-26 23:47:35'),
(248, 83, 411, 8, 'OK', 7947760, '2020-03-26 23:47:35', '2020-03-26 23:47:35'),
(249, 83, 454, 10, 'OK', 9934700, '2020-03-26 23:47:35', '2020-03-26 23:47:35'),
(250, 84, 22, 4, 'OK', 2380064, '2020-03-26 23:47:35', '2020-03-26 23:47:35'),
(251, 84, 1191, 9, 'OK', 5464314, '2020-03-26 23:47:35', '2020-03-26 23:47:35'),
(252, 84, 454, 10, 'OK', 9934700, '2020-03-26 23:47:35', '2020-03-26 23:47:35'),
(253, 85, 86, 4, 'OK', 2380064, '2020-03-26 23:47:35', '2020-03-26 23:47:35'),
(254, 85, 4, 4, 'OK', 2380064, '2020-03-26 23:47:35', '2020-03-26 23:47:35'),
(255, 85, 7, 8, 'OK', 4760128, '2020-03-26 23:47:35', '2020-03-26 23:47:35'),
(256, 86, 42, 1, 'OK', 595016, '2020-03-26 23:47:35', '2020-03-26 23:47:35'),
(257, 86, 848, 3, 'OK', 1254516, '2020-03-26 23:47:35', '2020-03-26 23:47:35'),
(258, 86, 1197, 6, 'OK', 3642876, '2020-03-26 23:47:35', '2020-03-26 23:47:35'),
(259, 87, 1201, 10, 'OK', 6071460, '2020-03-26 23:47:35', '2020-03-26 23:47:35'),
(260, 87, 1213, 9, 'OK', 5464314, '2020-03-26 23:47:35', '2020-03-26 23:47:35'),
(261, 87, 1023, 6, 'OK', 900648, '2020-03-26 23:47:35', '2020-03-26 23:47:35'),
(262, 88, 677, 1, 'OK', 418172, '2020-03-26 23:47:35', '2020-03-26 23:47:35'),
(263, 88, 295, 3, 'OK', 1835073, '2020-03-26 23:47:35', '2020-03-26 23:47:35'),
(264, 88, 1236, 9, 'OK', 5464314, '2020-03-26 23:47:35', '2020-03-26 23:47:35'),
(265, 89, 1112, 9, 'OK', 1961649, '2020-03-26 23:47:35', '2020-03-26 23:47:35'),
(266, 89, 1209, 6, 'OK', 3642876, '2020-03-26 23:47:35', '2020-03-26 23:47:35'),
(267, 89, 1198, 7, 'OK', 4250022, '2020-03-26 23:47:35', '2020-03-26 23:47:35'),
(268, 90, 378, 1, 'OK', 611691, '2020-03-26 23:47:35', '2020-03-26 23:47:35'),
(269, 90, 445, 5, 'OK', 4967350, '2020-03-26 23:47:35', '2020-03-26 23:47:35'),
(270, 90, 430, 9, 'OK', 8941230, '2020-03-26 23:47:35', '2020-03-26 23:47:35'),
(271, 91, 1104, 6, 'OK', 1307766, '2020-03-26 23:47:35', '2020-03-26 23:47:35'),
(272, 91, 874, 3, 'OK', 1804899, '2020-03-26 23:47:35', '2020-03-26 23:47:35'),
(273, 91, 575, 9, 'OK', 1684386, '2020-03-26 23:47:36', '2020-03-26 23:47:36'),
(274, 92, 726, 7, 'OK', 2927204, '2020-03-26 23:47:36', '2020-03-26 23:47:36'),
(275, 92, 1141, 8, 'OK', 1743688, '2020-03-26 23:47:36', '2020-03-26 23:47:36'),
(276, 92, 1095, 1, 'OK', 217961, '2020-03-26 23:47:36', '2020-03-26 23:47:36'),
(277, 93, 209, 5, 'OK', 2544410, '2020-03-26 23:47:36', '2020-03-26 23:47:36'),
(278, 93, 878, 2, 'OK', 1203266, '2020-03-26 23:47:36', '2020-03-26 23:47:36'),
(279, 93, 691, 1, 'OK', 418172, '2020-03-26 23:47:36', '2020-03-26 23:47:36'),
(280, 94, 904, 7, 'OK', 4211431, '2020-03-26 23:47:36', '2020-03-26 23:47:36'),
(281, 94, 1007, 8, 'OK', 1200864, '2020-03-26 23:47:36', '2020-03-26 23:47:36'),
(282, 94, 563, 3, 'OK', 561462, '2020-03-26 23:47:36', '2020-03-26 23:47:36'),
(283, 95, 71, 9, 'OK', 5355144, '2020-03-26 23:47:36', '2020-03-26 23:47:36'),
(284, 95, 133, 8, 'OK', 4071056, '2020-03-26 23:47:36', '2020-03-26 23:47:36'),
(285, 95, 518, 10, 'OK', 1871540, '2020-03-26 23:47:36', '2020-03-26 23:47:36'),
(286, 96, 858, 9, 'OK', 5414697, '2020-03-26 23:47:37', '2020-03-26 23:47:37'),
(287, 96, 24, 7, 'OK', 4165112, '2020-03-26 23:47:37', '2020-03-26 23:47:37'),
(288, 96, 1110, 10, 'OK', 2179610, '2020-03-26 23:47:37', '2020-03-26 23:47:37'),
(289, 97, 414, 4, 'OK', 3973880, '2020-03-26 23:47:37', '2020-03-26 23:47:37'),
(290, 97, 454, 9, 'OK', 8941230, '2020-03-26 23:47:37', '2020-03-26 23:47:37'),
(291, 97, 1105, 3, 'OK', 653883, '2020-03-26 23:47:37', '2020-03-26 23:47:37'),
(292, 98, 306, 10, 'OK', 6116910, '2020-03-26 23:47:37', '2020-03-26 23:47:37'),
(293, 98, 50, 9, 'OK', 5355144, '2020-03-26 23:47:37', '2020-03-26 23:47:37'),
(294, 98, 487, 3, 'OK', 2980410, '2020-03-26 23:47:37', '2020-03-26 23:47:37'),
(295, 99, 997, 2, 'OK', 300216, '2020-03-26 23:47:37', '2020-03-26 23:47:37'),
(296, 99, 508, 10, 'OK', 1871540, '2020-03-26 23:47:37', '2020-03-26 23:47:37'),
(297, 99, 1236, 6, 'OK', 3642876, '2020-03-26 23:47:37', '2020-03-26 23:47:37'),
(298, 100, 992, 2, 'OK', 300216, '2020-03-26 23:47:37', '2020-03-26 23:47:37'),
(299, 100, 433, 1, 'OK', 993470, '2020-03-26 23:47:37', '2020-03-26 23:47:37'),
(300, 100, 1157, 2, 'OK', 435922, '2020-03-26 23:47:38', '2020-03-26 23:47:38'),
(301, 101, 738, 8, 'OK', 3345376, '2020-03-26 23:47:38', '2020-03-26 23:47:38'),
(302, 101, 680, 7, 'OK', 2927204, '2020-03-26 23:47:38', '2020-03-26 23:47:38'),
(303, 101, 432, 6, 'OK', 5960820, '2020-03-26 23:47:38', '2020-03-26 23:47:38'),
(304, 102, 994, 9, 'OK', 1350972, '2020-03-26 23:47:38', '2020-03-26 23:47:38'),
(305, 102, 517, 2, 'OK', 374308, '2020-03-26 23:47:38', '2020-03-26 23:47:38'),
(306, 102, 991, 10, 'OK', 1501080, '2020-03-26 23:47:38', '2020-03-26 23:47:38'),
(307, 103, 387, 5, 'OK', 3058455, '2020-03-26 23:47:38', '2020-03-26 23:47:38'),
(308, 103, 1224, 3, 'OK', 1821438, '2020-03-26 23:47:38', '2020-03-26 23:47:38'),
(309, 103, 798, 4, 'OK', 1672688, '2020-03-26 23:47:38', '2020-03-26 23:47:38'),
(310, 104, 307, 6, 'OK', 3670146, '2020-03-26 23:47:39', '2020-03-26 23:47:39'),
(311, 104, 1041, 6, 'OK', 900648, '2020-03-26 23:47:39', '2020-03-26 23:47:39'),
(312, 104, 1269, 8, 'OK', 4857168, '2020-03-26 23:47:39', '2020-03-26 23:47:39'),
(313, 105, 709, 10, 'OK', 4181720, '2020-03-26 23:47:39', '2020-03-26 23:47:39'),
(314, 105, 904, 5, 'OK', 3008165, '2020-03-26 23:47:39', '2020-03-26 23:47:39'),
(315, 105, 454, 10, 'OK', 9934700, '2020-03-26 23:47:39', '2020-03-26 23:47:39'),
(316, 106, 136, 5, 'OK', 2544410, '2020-03-26 23:47:39', '2020-03-26 23:47:39'),
(317, 106, 121, 8, 'OK', 4071056, '2020-03-26 23:47:39', '2020-03-26 23:47:39'),
(318, 106, 7, 4, 'OK', 2380064, '2020-03-26 23:47:39', '2020-03-26 23:47:39'),
(319, 107, 750, 2, 'OK', 836344, '2020-03-26 23:47:39', '2020-03-26 23:47:39'),
(320, 107, 48, 10, 'OK', 5950160, '2020-03-26 23:47:39', '2020-03-26 23:47:39'),
(321, 107, 1091, 10, 'OK', 2179610, '2020-03-26 23:47:39', '2020-03-26 23:47:39'),
(322, 108, 478, 4, 'OK', 3973880, '2020-03-26 23:47:39', '2020-03-26 23:47:39'),
(323, 108, 563, 5, 'OK', 935770, '2020-03-26 23:47:39', '2020-03-26 23:47:39'),
(324, 108, 1126, 1, 'OK', 217961, '2020-03-26 23:47:39', '2020-03-26 23:47:39'),
(325, 109, 29, 5, 'OK', 2975080, '2020-03-26 23:47:39', '2020-03-26 23:47:39'),
(326, 109, 875, 7, 'OK', 4211431, '2020-03-26 23:47:39', '2020-03-26 23:47:39'),
(327, 109, 304, 5, 'OK', 3058455, '2020-03-26 23:47:39', '2020-03-26 23:47:39'),
(328, 110, 301, 10, 'OK', 6116910, '2020-03-26 23:47:39', '2020-03-26 23:47:39'),
(329, 110, 1106, 4, 'OK', 871844, '2020-03-26 23:47:39', '2020-03-26 23:47:39'),
(330, 110, 575, 4, 'OK', 748616, '2020-03-26 23:47:39', '2020-03-26 23:47:39'),
(331, 111, 140, 10, 'OK', 5088820, '2020-03-26 23:47:39', '2020-03-26 23:47:39'),
(332, 111, 292, 5, 'OK', 3058455, '2020-03-26 23:47:39', '2020-03-26 23:47:39'),
(333, 111, 1209, 8, 'OK', 4857168, '2020-03-26 23:47:39', '2020-03-26 23:47:39'),
(334, 112, 1161, 9, 'OK', 1961649, '2020-03-26 23:47:39', '2020-03-26 23:47:39'),
(335, 112, 485, 10, 'OK', 9934700, '2020-03-26 23:47:39', '2020-03-26 23:47:39'),
(336, 112, 107, 9, 'OK', 5355144, '2020-03-26 23:47:39', '2020-03-26 23:47:39'),
(337, 113, 108, 5, 'OK', 2544410, '2020-03-26 23:47:39', '2020-03-26 23:47:39'),
(338, 113, 9, 9, 'OK', 5355144, '2020-03-26 23:47:39', '2020-03-26 23:47:39'),
(339, 113, 713, 10, 'OK', 4181720, '2020-03-26 23:47:39', '2020-03-26 23:47:39'),
(340, 114, 760, 3, 'OK', 1254516, '2020-03-26 23:47:40', '2020-03-26 23:47:40'),
(341, 114, 988, 8, 'OK', 1200864, '2020-03-26 23:47:40', '2020-03-26 23:47:40'),
(342, 114, 310, 2, 'OK', 1223382, '2020-03-26 23:47:40', '2020-03-26 23:47:40'),
(343, 115, 6, 1, 'OK', 595016, '2020-03-26 23:47:40', '2020-03-26 23:47:40'),
(344, 115, 1096, 10, 'OK', 2179610, '2020-03-26 23:47:40', '2020-03-26 23:47:40'),
(345, 115, 700, 5, 'OK', 2090860, '2020-03-26 23:47:40', '2020-03-26 23:47:40'),
(346, 116, 505, 3, 'OK', 561462, '2020-03-26 23:47:40', '2020-03-26 23:47:40'),
(347, 116, 111, 2, 'OK', 1017764, '2020-03-26 23:47:40', '2020-03-26 23:47:40'),
(348, 116, 568, 10, 'OK', 1871540, '2020-03-26 23:47:40', '2020-03-26 23:47:40'),
(349, 117, 174, 1, 'OK', 508882, '2020-03-26 23:47:40', '2020-03-26 23:47:40'),
(350, 117, 453, 8, 'OK', 7947760, '2020-03-26 23:47:40', '2020-03-26 23:47:40'),
(351, 117, 346, 5, 'OK', 3058455, '2020-03-26 23:47:40', '2020-03-26 23:47:40'),
(352, 118, 891, 1, 'OK', 601633, '2020-03-26 23:47:40', '2020-03-26 23:47:40'),
(353, 118, 1120, 9, 'OK', 1961649, '2020-03-26 23:47:40', '2020-03-26 23:47:40'),
(354, 118, 454, 8, 'OK', 7947760, '2020-03-26 23:47:40', '2020-03-26 23:47:40'),
(355, 119, 738, 6, 'OK', 2509032, '2020-03-26 23:47:40', '2020-03-26 23:47:40'),
(356, 119, 760, 2, 'OK', 836344, '2020-03-26 23:47:40', '2020-03-26 23:47:40'),
(357, 119, 1220, 3, 'OK', 1821438, '2020-03-26 23:47:40', '2020-03-26 23:47:40'),
(358, 120, 1227, 9, 'OK', 5464314, '2020-03-26 23:47:40', '2020-03-26 23:47:40'),
(359, 120, 534, 5, 'OK', 935770, '2020-03-26 23:47:40', '2020-03-26 23:47:40'),
(360, 120, 902, 5, 'OK', 3008165, '2020-03-26 23:47:40', '2020-03-26 23:47:40'),
(361, 121, 450, 1, 'OK', 993470, '2020-03-26 23:47:40', '2020-03-26 23:47:40'),
(362, 121, 687, 1, 'OK', 418172, '2020-03-26 23:47:40', '2020-03-26 23:47:40'),
(363, 121, 1198, 2, 'OK', 1214292, '2020-03-26 23:47:40', '2020-03-26 23:47:40'),
(364, 122, 532, 3, 'OK', 561462, '2020-03-26 23:47:40', '2020-03-26 23:47:40'),
(365, 122, 856, 2, 'OK', 1203266, '2020-03-26 23:47:40', '2020-03-26 23:47:40'),
(366, 122, 412, 9, 'OK', 8941230, '2020-03-26 23:47:40', '2020-03-26 23:47:40'),
(367, 123, 107, 6, 'OK', 3570096, '2020-03-26 23:47:40', '2020-03-26 23:47:40'),
(368, 123, 136, 8, 'OK', 4071056, '2020-03-26 23:47:40', '2020-03-26 23:47:40'),
(369, 123, 865, 2, 'OK', 1203266, '2020-03-26 23:47:40', '2020-03-26 23:47:40'),
(370, 124, 410, 7, 'OK', 4281837, '2020-03-26 23:47:40', '2020-03-26 23:47:40'),
(371, 124, 16, 4, 'OK', 2380064, '2020-03-26 23:47:40', '2020-03-26 23:47:40'),
(372, 124, 297, 6, 'OK', 3670146, '2020-03-26 23:47:40', '2020-03-26 23:47:40'),
(373, 125, 1116, 10, 'OK', 2179610, '2020-03-26 23:47:41', '2020-03-26 23:47:41'),
(374, 125, 1051, 7, 'OK', 1050756, '2020-03-26 23:47:41', '2020-03-26 23:47:41'),
(375, 125, 29, 10, 'OK', 5950160, '2020-03-26 23:47:41', '2020-03-26 23:47:41'),
(376, 126, 750, 10, 'OK', 4181720, '2020-03-26 23:47:41', '2020-03-26 23:47:41'),
(377, 126, 684, 8, 'OK', 3345376, '2020-03-26 23:47:41', '2020-03-26 23:47:41'),
(378, 126, 990, 3, 'OK', 450324, '2020-03-26 23:47:41', '2020-03-26 23:47:41'),
(379, 127, 1200, 2, 'OK', 1214292, '2020-03-26 23:47:41', '2020-03-26 23:47:41'),
(380, 127, 720, 1, 'OK', 418172, '2020-03-26 23:47:41', '2020-03-26 23:47:41'),
(381, 127, 870, 5, 'OK', 3008165, '2020-03-26 23:47:41', '2020-03-26 23:47:41'),
(382, 128, 6, 1, 'OK', 595016, '2020-03-26 23:47:41', '2020-03-26 23:47:41'),
(383, 128, 891, 2, 'OK', 1203266, '2020-03-26 23:47:41', '2020-03-26 23:47:41'),
(384, 128, 50, 5, 'OK', 2975080, '2020-03-26 23:47:41', '2020-03-26 23:47:41'),
(385, 129, 478, 5, 'OK', 4967350, '2020-03-26 23:47:41', '2020-03-26 23:47:41'),
(386, 129, 426, 4, 'OK', 3973880, '2020-03-26 23:47:41', '2020-03-26 23:47:41'),
(387, 129, 455, 9, 'OK', 8941230, '2020-03-26 23:47:41', '2020-03-26 23:47:41'),
(388, 130, 726, 9, 'OK', 3763548, '2020-03-26 23:47:41', '2020-03-26 23:47:41'),
(389, 130, 750, 1, 'OK', 418172, '2020-03-26 23:47:41', '2020-03-26 23:47:41'),
(390, 130, 1212, 9, 'OK', 5464314, '2020-03-26 23:47:41', '2020-03-26 23:47:41'),
(391, 131, 1351, 2, 'OK', 1214292, '2020-03-26 23:47:41', '2020-03-26 23:47:41'),
(392, 131, 1239, 9, 'OK', 5464314, '2020-03-26 23:47:41', '2020-03-26 23:47:41'),
(393, 131, 698, 10, 'OK', 4181720, '2020-03-26 23:47:41', '2020-03-26 23:47:41'),
(394, 132, 1200, 6, 'OK', 3642876, '2020-03-26 23:47:41', '2020-03-26 23:47:41'),
(395, 132, 392, 5, 'OK', 3058455, '2020-03-26 23:47:41', '2020-03-26 23:47:41'),
(396, 132, 19, 4, 'OK', 2380064, '2020-03-26 23:47:41', '2020-03-26 23:47:41'),
(397, 133, 992, 8, 'OK', 1200864, '2020-03-26 23:47:41', '2020-03-26 23:47:41'),
(398, 133, 997, 9, 'OK', 1350972, '2020-03-26 23:47:41', '2020-03-26 23:47:41'),
(399, 133, 1198, 1, 'OK', 607146, '2020-03-26 23:47:41', '2020-03-26 23:47:41'),
(400, 134, 1036, 9, 'OK', 1350972, '2020-03-26 23:47:41', '2020-03-26 23:47:41'),
(401, 134, 327, 6, 'OK', 3670146, '2020-03-26 23:47:41', '2020-03-26 23:47:41'),
(402, 134, 1024, 10, 'OK', 1501080, '2020-03-26 23:47:41', '2020-03-26 23:47:41'),
(403, 135, 631, 7, 'OK', 1310078, '2020-03-26 23:47:41', '2020-03-26 23:47:41'),
(404, 135, 874, 6, 'OK', 3609798, '2020-03-26 23:47:41', '2020-03-26 23:47:41'),
(405, 135, 426, 6, 'OK', 5960820, '2020-03-26 23:47:41', '2020-03-26 23:47:41'),
(406, 136, 694, 8, 'OK', 3345376, '2020-03-26 23:47:41', '2020-03-26 23:47:41'),
(407, 136, 1126, 9, 'OK', 1961649, '2020-03-26 23:47:41', '2020-03-26 23:47:41'),
(408, 136, 454, 2, 'OK', 1986940, '2020-03-26 23:47:41', '2020-03-26 23:47:41'),
(409, 137, 433, 10, 'OK', 9934700, '2020-03-26 23:47:41', '2020-03-26 23:47:41'),
(410, 137, 108, 3, 'OK', 1526646, '2020-03-26 23:47:41', '2020-03-26 23:47:41'),
(411, 137, 870, 2, 'OK', 1203266, '2020-03-26 23:47:41', '2020-03-26 23:47:41'),
(412, 138, 1241, 7, 'OK', 4250022, '2020-03-26 23:47:41', '2020-03-26 23:47:41'),
(413, 138, 117, 3, 'OK', 1526646, '2020-03-26 23:47:41', '2020-03-26 23:47:41'),
(414, 138, 563, 10, 'OK', 1871540, '2020-03-26 23:47:42', '2020-03-26 23:47:42'),
(415, 139, 506, 6, 'OK', 1122924, '2020-03-26 23:47:42', '2020-03-26 23:47:42'),
(416, 139, 707, 2, 'OK', 836344, '2020-03-26 23:47:42', '2020-03-26 23:47:42'),
(417, 139, 23, 5, 'OK', 2975080, '2020-03-26 23:47:42', '2020-03-26 23:47:42'),
(418, 140, 684, 3, 'OK', 1254516, '2020-03-26 23:47:42', '2020-03-26 23:47:42'),
(419, 140, 506, 2, 'OK', 374308, '2020-03-26 23:47:42', '2020-03-26 23:47:42'),
(420, 140, 468, 6, 'OK', 5960820, '2020-03-26 23:47:42', '2020-03-26 23:47:42'),
(421, 141, 300, 2, 'OK', 1223382, '2020-03-26 23:47:42', '2020-03-26 23:47:42'),
(422, 141, 463, 7, 'OK', 6954290, '2020-03-26 23:47:42', '2020-03-26 23:47:42'),
(423, 141, 677, 9, 'OK', 3763548, '2020-03-26 23:47:42', '2020-03-26 23:47:42'),
(424, 142, 990, 8, 'OK', 1200864, '2020-03-26 23:47:42', '2020-03-26 23:47:42'),
(425, 142, 22, 3, 'OK', 1785048, '2020-03-26 23:47:42', '2020-03-26 23:47:42'),
(426, 142, 871, 7, 'OK', 4211431, '2020-03-26 23:47:42', '2020-03-26 23:47:42'),
(427, 143, 876, 5, 'OK', 3008165, '2020-03-26 23:47:42', '2020-03-26 23:47:42'),
(428, 143, 94, 10, 'OK', 5950160, '2020-03-26 23:47:42', '2020-03-26 23:47:42'),
(429, 143, 949, 3, 'OK', 1804899, '2020-03-26 23:47:42', '2020-03-26 23:47:42'),
(430, 144, 891, 2, 'OK', 1203266, '2020-03-26 23:47:42', '2020-03-26 23:47:42'),
(431, 144, 949, 7, 'OK', 4211431, '2020-03-26 23:47:42', '2020-03-26 23:47:42'),
(432, 144, 71, 5, 'OK', 2975080, '2020-03-26 23:47:42', '2020-03-26 23:47:42'),
(433, 145, 520, 9, 'OK', 1684386, '2020-03-26 23:47:42', '2020-03-26 23:47:42'),
(434, 145, 1036, 2, 'OK', 300216, '2020-03-26 23:47:42', '2020-03-26 23:47:42'),
(435, 145, 107, 6, 'OK', 3570096, '2020-03-26 23:47:42', '2020-03-26 23:47:42'),
(436, 146, 1106, 8, 'OK', 1743688, '2020-03-26 23:47:42', '2020-03-26 23:47:42'),
(437, 146, 1002, 1, 'OK', 150108, '2020-03-26 23:47:42', '2020-03-26 23:47:42'),
(438, 146, 1114, 10, 'OK', 2179610, '2020-03-26 23:47:42', '2020-03-26 23:47:42'),
(439, 147, 1113, 4, 'OK', 871844, '2020-03-26 23:47:42', '2020-03-26 23:47:42'),
(440, 147, 13, 7, 'OK', 4165112, '2020-03-26 23:47:42', '2020-03-26 23:47:42'),
(441, 147, 1309, 2, 'OK', 1214292, '2020-03-26 23:47:42', '2020-03-26 23:47:42'),
(442, 148, 1236, 10, 'OK', 6071460, '2020-03-26 23:47:42', '2020-03-26 23:47:42'),
(443, 148, 750, 4, 'OK', 1672688, '2020-03-26 23:47:42', '2020-03-26 23:47:42'),
(444, 148, 866, 7, 'OK', 4211431, '2020-03-26 23:47:42', '2020-03-26 23:47:42'),
(445, 149, 1268, 4, 'OK', 2428584, '2020-03-26 23:47:42', '2020-03-26 23:47:42'),
(446, 149, 185, 5, 'OK', 2544410, '2020-03-26 23:47:42', '2020-03-26 23:47:42'),
(447, 149, 12, 9, 'OK', 5355144, '2020-03-26 23:47:42', '2020-03-26 23:47:42'),
(448, 150, 1317, 2, 'OK', 1214292, '2020-03-26 23:47:42', '2020-03-26 23:47:42'),
(449, 150, 414, 1, 'OK', 993470, '2020-03-26 23:47:42', '2020-03-26 23:47:42'),
(450, 150, 1203, 5, 'OK', 3035730, '2020-03-26 23:47:42', '2020-03-26 23:47:42'),
(451, 151, 1014, 8, 'OK', 1200864, '2020-03-26 23:47:42', '2020-03-26 23:47:42'),
(452, 151, 412, 8, 'OK', 7947760, '2020-03-26 23:47:42', '2020-03-26 23:47:42'),
(453, 151, 107, 6, 'OK', 3570096, '2020-03-26 23:47:42', '2020-03-26 23:47:42'),
(454, 152, 86, 9, 'OK', 5355144, '2020-03-26 23:47:42', '2020-03-26 23:47:42'),
(455, 152, 6, 5, 'OK', 2975080, '2020-03-26 23:47:42', '2020-03-26 23:47:42'),
(456, 152, 16, 9, 'OK', 5355144, '2020-03-26 23:47:42', '2020-03-26 23:47:42'),
(457, 153, 500, 9, 'OK', 1684386, '2020-03-26 23:47:43', '2020-03-26 23:47:43'),
(458, 153, 894, 1, 'OK', 601633, '2020-03-26 23:47:43', '2020-03-26 23:47:43'),
(459, 153, 1209, 4, 'OK', 2428584, '2020-03-26 23:47:43', '2020-03-26 23:47:43'),
(460, 154, 984, 9, 'OK', 1350972, '2020-03-26 23:47:43', '2020-03-26 23:47:43'),
(461, 154, 584, 8, 'OK', 1497232, '2020-03-26 23:47:43', '2020-03-26 23:47:43'),
(462, 154, 715, 3, 'OK', 1254516, '2020-03-26 23:47:43', '2020-03-26 23:47:43'),
(463, 155, 1208, 4, 'OK', 2428584, '2020-03-26 23:47:43', '2020-03-26 23:47:43'),
(464, 155, 223, 8, 'OK', 4071056, '2020-03-26 23:47:43', '2020-03-26 23:47:43'),
(465, 155, 503, 10, 'OK', 1871540, '2020-03-26 23:47:43', '2020-03-26 23:47:43'),
(466, 156, 4, 4, 'OK', 2380064, '2020-03-26 23:47:43', '2020-03-26 23:47:43'),
(467, 156, 1351, 10, 'OK', 6071460, '2020-03-26 23:47:43', '2020-03-26 23:47:43'),
(468, 156, 172, 1, 'OK', 508882, '2020-03-26 23:47:43', '2020-03-26 23:47:43'),
(469, 157, 2, 3, 'OK', 1785048, '2020-03-26 23:47:43', '2020-03-26 23:47:43'),
(470, 157, 508, 1, 'OK', 187154, '2020-03-26 23:47:43', '2020-03-26 23:47:43'),
(471, 157, 1096, 9, 'OK', 1961649, '2020-03-26 23:47:43', '2020-03-26 23:47:43'),
(472, 158, 568, 5, 'OK', 935770, '2020-03-26 23:47:43', '2020-03-26 23:47:43'),
(473, 158, 322, 5, 'OK', 3058455, '2020-03-26 23:47:43', '2020-03-26 23:47:43'),
(474, 158, 22, 5, 'OK', 2975080, '2020-03-26 23:47:43', '2020-03-26 23:47:43'),
(475, 159, 424, 1, 'OK', 993470, '2020-03-26 23:47:43', '2020-03-26 23:47:43'),
(476, 159, 522, 10, 'OK', 1871540, '2020-03-26 23:47:43', '2020-03-26 23:47:43'),
(477, 159, 128, 7, 'OK', 3562174, '2020-03-26 23:47:43', '2020-03-26 23:47:43'),
(478, 160, 3, 2, 'OK', 1190032, '2020-03-26 23:47:43', '2020-03-26 23:47:43'),
(479, 160, 883, 5, 'OK', 3008165, '2020-03-26 23:47:43', '2020-03-26 23:47:43'),
(480, 160, 798, 2, 'OK', 836344, '2020-03-26 23:47:43', '2020-03-26 23:47:43'),
(481, 161, 709, 4, 'OK', 1672688, '2020-03-26 23:47:43', '2020-03-26 23:47:43'),
(482, 161, 294, 7, 'OK', 4281837, '2020-03-26 23:47:44', '2020-03-26 23:47:44'),
(483, 161, 450, 5, 'OK', 4967350, '2020-03-26 23:47:44', '2020-03-26 23:47:44'),
(484, 162, 110, 10, 'OK', 5088820, '2020-03-26 23:47:44', '2020-03-26 23:47:44'),
(485, 162, 328, 4, 'OK', 2446764, '2020-03-26 23:47:44', '2020-03-26 23:47:44'),
(486, 162, 307, 3, 'OK', 1835073, '2020-03-26 23:47:44', '2020-03-26 23:47:44'),
(487, 163, 529, 7, 'OK', 1310078, '2020-03-26 23:47:44', '2020-03-26 23:47:44'),
(488, 163, 1095, 2, 'OK', 435922, '2020-03-26 23:47:44', '2020-03-26 23:47:44'),
(489, 163, 681, 6, 'OK', 2509032, '2020-03-26 23:47:44', '2020-03-26 23:47:44'),
(490, 164, 878, 7, 'OK', 4211431, '2020-03-26 23:47:44', '2020-03-26 23:47:44'),
(491, 164, 853, 9, 'OK', 5414697, '2020-03-26 23:47:44', '2020-03-26 23:47:44'),
(492, 164, 859, 10, 'OK', 6016330, '2020-03-26 23:47:44', '2020-03-26 23:47:44'),
(493, 165, 996, 3, 'OK', 450324, '2020-03-26 23:47:44', '2020-03-26 23:47:44'),
(494, 165, 1268, 2, 'OK', 1214292, '2020-03-26 23:47:44', '2020-03-26 23:47:44'),
(495, 165, 1169, 8, 'OK', 1743688, '2020-03-26 23:47:44', '2020-03-26 23:47:44'),
(496, 166, 1215, 1, 'OK', 607146, '2020-03-26 23:47:44', '2020-03-26 23:47:44'),
(497, 166, 1213, 9, 'OK', 5464314, '2020-03-26 23:47:44', '2020-03-26 23:47:44'),
(498, 166, 524, 4, 'OK', 748616, '2020-03-26 23:47:44', '2020-03-26 23:47:44'),
(499, 167, 1125, 1, 'OK', 217961, '2020-03-26 23:47:44', '2020-03-26 23:47:44'),
(500, 167, 1125, 4, 'OK', 871844, '2020-03-26 23:47:44', '2020-03-26 23:47:44'),
(501, 167, 991, 10, 'OK', 1501080, '2020-03-26 23:47:44', '2020-03-26 23:47:44'),
(502, 168, 1269, 9, 'OK', 5464314, '2020-03-26 23:47:44', '2020-03-26 23:47:44'),
(503, 168, 987, 2, 'OK', 300216, '2020-03-26 23:47:44', '2020-03-26 23:47:44'),
(504, 168, 322, 10, 'OK', 6116910, '2020-03-26 23:47:44', '2020-03-26 23:47:44'),
(505, 169, 1213, 5, 'OK', 3035730, '2020-03-26 23:47:44', '2020-03-26 23:47:44'),
(506, 169, 1206, 1, 'OK', 607146, '2020-03-26 23:47:44', '2020-03-26 23:47:44'),
(507, 169, 485, 3, 'OK', 2980410, '2020-03-26 23:47:44', '2020-03-26 23:47:44'),
(508, 170, 1113, 5, 'OK', 1089805, '2020-03-26 23:47:44', '2020-03-26 23:47:44'),
(509, 170, 988, 5, 'OK', 750540, '2020-03-26 23:47:44', '2020-03-26 23:47:44'),
(510, 170, 679, 3, 'OK', 1254516, '2020-03-26 23:47:44', '2020-03-26 23:47:44'),
(511, 171, 892, 5, 'OK', 3008165, '2020-03-26 23:47:44', '2020-03-26 23:47:44'),
(512, 171, 290, 4, 'OK', 2035528, '2020-03-26 23:47:44', '2020-03-26 23:47:44'),
(513, 171, 534, 1, 'OK', 187154, '2020-03-26 23:47:44', '2020-03-26 23:47:44'),
(514, 172, 704, 5, 'OK', 2090860, '2020-03-26 23:47:44', '2020-03-26 23:47:44'),
(515, 172, 8, 2, 'OK', 1190032, '2020-03-26 23:47:44', '2020-03-26 23:47:44'),
(516, 172, 1309, 9, 'OK', 5464314, '2020-03-26 23:47:44', '2020-03-26 23:47:44'),
(517, 173, 48, 3, 'OK', 1785048, '2020-03-26 23:47:44', '2020-03-26 23:47:44'),
(518, 173, 678, 3, 'OK', 1254516, '2020-03-26 23:47:44', '2020-03-26 23:47:44'),
(519, 173, 429, 5, 'OK', 4967350, '2020-03-26 23:47:44', '2020-03-26 23:47:44'),
(520, 174, 1098, 2, 'OK', 435922, '2020-03-26 23:47:44', '2020-03-26 23:47:44'),
(521, 174, 107, 8, 'OK', 4760128, '2020-03-26 23:47:44', '2020-03-26 23:47:44'),
(522, 174, 222, 3, 'OK', 1526646, '2020-03-26 23:47:44', '2020-03-26 23:47:44'),
(523, 175, 15, 10, 'OK', 5950160, '2020-03-26 23:47:44', '2020-03-26 23:47:44'),
(524, 175, 1128, 5, 'OK', 1089805, '2020-03-26 23:47:44', '2020-03-26 23:47:44'),
(525, 175, 290, 9, 'OK', 4579938, '2020-03-26 23:47:44', '2020-03-26 23:47:44'),
(526, 176, 720, 4, 'OK', 1672688, '2020-03-26 23:47:44', '2020-03-26 23:47:44'),
(527, 176, 903, 9, 'OK', 5414697, '2020-03-26 23:47:44', '2020-03-26 23:47:44'),
(528, 176, 300, 10, 'OK', 6116910, '2020-03-26 23:47:45', '2020-03-26 23:47:45'),
(529, 177, 1239, 3, 'OK', 1821438, '2020-03-26 23:47:45', '2020-03-26 23:47:45'),
(530, 177, 500, 4, 'OK', 748616, '2020-03-26 23:47:45', '2020-03-26 23:47:45'),
(531, 177, 1093, 10, 'OK', 2179610, '2020-03-26 23:47:45', '2020-03-26 23:47:45'),
(532, 178, 146, 10, 'OK', 5088820, '2020-03-26 23:47:45', '2020-03-26 23:47:45'),
(533, 178, 1109, 10, 'OK', 2179610, '2020-03-26 23:47:45', '2020-03-26 23:47:45'),
(534, 178, 534, 2, 'OK', 374308, '2020-03-26 23:47:45', '2020-03-26 23:47:45'),
(535, 179, 726, 4, 'OK', 1672688, '2020-03-26 23:47:45', '2020-03-26 23:47:45'),
(536, 179, 990, 3, 'OK', 450324, '2020-03-26 23:47:45', '2020-03-26 23:47:45'),
(537, 179, 392, 10, 'OK', 6116910, '2020-03-26 23:47:45', '2020-03-26 23:47:45'),
(538, 180, 1106, 3, 'OK', 653883, '2020-03-26 23:47:45', '2020-03-26 23:47:45'),
(539, 180, 1192, 3, 'OK', 1821438, '2020-03-26 23:47:45', '2020-03-26 23:47:45'),
(540, 180, 1092, 4, 'OK', 871844, '2020-03-26 23:47:45', '2020-03-26 23:47:45'),
(541, 181, 689, 8, 'OK', 3345376, '2020-03-26 23:47:45', '2020-03-26 23:47:45'),
(542, 181, 13, 2, 'OK', 1190032, '2020-03-26 23:47:45', '2020-03-26 23:47:45'),
(543, 181, 1203, 3, 'OK', 1821438, '2020-03-26 23:47:45', '2020-03-26 23:47:45'),
(544, 182, 301, 6, 'OK', 3670146, '2020-03-26 23:47:45', '2020-03-26 23:47:45'),
(545, 182, 1091, 5, 'OK', 1089805, '2020-03-26 23:47:45', '2020-03-26 23:47:45'),
(546, 182, 326, 5, 'OK', 3058455, '2020-03-26 23:47:45', '2020-03-26 23:47:45'),
(547, 183, 10, 1, 'OK', 595016, '2020-03-26 23:47:45', '2020-03-26 23:47:45'),
(548, 183, 1120, 1, 'OK', 217961, '2020-03-26 23:47:45', '2020-03-26 23:47:45'),
(549, 183, 715, 5, 'OK', 2090860, '2020-03-26 23:47:45', '2020-03-26 23:47:45'),
(550, 184, 1269, 7, 'OK', 4250022, '2020-03-26 23:47:45', '2020-03-26 23:47:45'),
(551, 184, 324, 8, 'OK', 4893528, '2020-03-26 23:47:45', '2020-03-26 23:47:45'),
(552, 184, 988, 5, 'OK', 750540, '2020-03-26 23:47:45', '2020-03-26 23:47:45'),
(553, 185, 532, 6, 'OK', 1122924, '2020-03-26 23:47:45', '2020-03-26 23:47:45'),
(554, 185, 1126, 5, 'OK', 1089805, '2020-03-26 23:47:45', '2020-03-26 23:47:45'),
(555, 185, 107, 5, 'OK', 2975080, '2020-03-26 23:47:45', '2020-03-26 23:47:45'),
(556, 186, 440, 4, 'OK', 3973880, '2020-03-26 23:47:45', '2020-03-26 23:47:45'),
(557, 186, 1126, 3, 'OK', 653883, '2020-03-26 23:47:45', '2020-03-26 23:47:45'),
(558, 186, 683, 7, 'OK', 2927204, '2020-03-26 23:47:45', '2020-03-26 23:47:45'),
(559, 187, 110, 7, 'OK', 3562174, '2020-03-26 23:47:45', '2020-03-26 23:47:45'),
(560, 187, 150, 7, 'OK', 3562174, '2020-03-26 23:47:45', '2020-03-26 23:47:45'),
(561, 187, 1001, 8, 'OK', 1200864, '2020-03-26 23:47:45', '2020-03-26 23:47:45'),
(562, 188, 870, 3, 'OK', 1804899, '2020-03-26 23:47:46', '2020-03-26 23:47:46'),
(563, 188, 1092, 7, 'OK', 1525727, '2020-03-26 23:47:46', '2020-03-26 23:47:46'),
(564, 188, 522, 3, 'OK', 561462, '2020-03-26 23:47:46', '2020-03-26 23:47:46'),
(565, 189, 121, 5, 'OK', 2544410, '2020-03-26 23:47:46', '2020-03-26 23:47:46'),
(566, 189, 1039, 9, 'OK', 1350972, '2020-03-26 23:47:46', '2020-03-26 23:47:46'),
(567, 189, 508, 8, 'OK', 1497232, '2020-03-26 23:47:46', '2020-03-26 23:47:46'),
(568, 190, 504, 3, 'OK', 561462, '2020-03-26 23:47:46', '2020-03-26 23:47:46'),
(569, 190, 303, 10, 'OK', 6116910, '2020-03-26 23:47:46', '2020-03-26 23:47:46'),
(570, 190, 858, 4, 'OK', 2406532, '2020-03-26 23:47:46', '2020-03-26 23:47:46'),
(571, 191, 543, 3, 'OK', 561462, '2020-03-26 23:47:46', '2020-03-26 23:47:46'),
(572, 191, 120, 9, 'OK', 4579938, '2020-03-26 23:47:46', '2020-03-26 23:47:46'),
(573, 191, 137, 2, 'OK', 1017764, '2020-03-26 23:47:46', '2020-03-26 23:47:46'),
(574, 192, 949, 9, 'OK', 5414697, '2020-03-26 23:47:46', '2020-03-26 23:47:46'),
(575, 192, 1206, 6, 'OK', 3642876, '2020-03-26 23:47:46', '2020-03-26 23:47:46'),
(576, 192, 185, 4, 'OK', 2035528, '2020-03-26 23:47:46', '2020-03-26 23:47:46'),
(577, 193, 718, 3, 'OK', 1254516, '2020-03-26 23:47:46', '2020-03-26 23:47:46'),
(578, 193, 423, 3, 'OK', 2980410, '2020-03-26 23:47:46', '2020-03-26 23:47:46'),
(579, 193, 852, 10, 'OK', 6016330, '2020-03-26 23:47:46', '2020-03-26 23:47:46'),
(580, 194, 502, 8, 'OK', 1497232, '2020-03-26 23:47:46', '2020-03-26 23:47:46'),
(581, 194, 563, 6, 'OK', 1122924, '2020-03-26 23:47:46', '2020-03-26 23:47:46'),
(582, 194, 903, 10, 'OK', 6016330, '2020-03-26 23:47:46', '2020-03-26 23:47:46'),
(583, 195, 410, 3, 'OK', 1835073, '2020-03-26 23:47:46', '2020-03-26 23:47:46'),
(584, 195, 678, 7, 'OK', 2927204, '2020-03-26 23:47:46', '2020-03-26 23:47:46'),
(585, 195, 429, 5, 'OK', 4967350, '2020-03-26 23:47:46', '2020-03-26 23:47:46'),
(586, 196, 719, 5, 'OK', 2090860, '2020-03-26 23:47:46', '2020-03-26 23:47:46'),
(587, 196, 414, 8, 'OK', 7947760, '2020-03-26 23:47:46', '2020-03-26 23:47:46'),
(588, 196, 1113, 1, 'OK', 217961, '2020-03-26 23:47:46', '2020-03-26 23:47:46'),
(589, 197, 1235, 2, 'OK', 1214292, '2020-03-26 23:47:46', '2020-03-26 23:47:46'),
(590, 197, 450, 5, 'OK', 4967350, '2020-03-26 23:47:46', '2020-03-26 23:47:46'),
(591, 197, 94, 8, 'OK', 4760128, '2020-03-26 23:47:46', '2020-03-26 23:47:46'),
(592, 198, 293, 7, 'OK', 4281837, '2020-03-26 23:47:46', '2020-03-26 23:47:46'),
(593, 198, 1218, 4, 'OK', 2428584, '2020-03-26 23:47:47', '2020-03-26 23:47:47'),
(594, 198, 851, 6, 'OK', 3609798, '2020-03-26 23:47:47', '2020-03-26 23:47:47'),
(595, 199, 1091, 10, 'OK', 2179610, '2020-03-26 23:47:47', '2020-03-26 23:47:47'),
(596, 199, 1116, 8, 'OK', 1743688, '2020-03-26 23:47:47', '2020-03-26 23:47:47'),
(597, 199, 42, 3, 'OK', 1785048, '2020-03-26 23:47:47', '2020-03-26 23:47:47'),
(598, 200, 13, 2, 'OK', 1190032, '2020-03-26 23:47:47', '2020-03-26 23:47:47'),
(599, 200, 456, 1, 'OK', 993470, '2020-03-26 23:47:47', '2020-03-26 23:47:47'),
(600, 200, 1190, 3, 'OK', 653883, '2020-03-26 23:47:47', '2020-03-26 23:47:47');

-- --------------------------------------------------------

--
-- Table structure for table `users`
--

CREATE TABLE `users` (
  `id` bigint(20) UNSIGNED NOT NULL,
  `name` varchar(255) COLLATE utf8mb4_unicode_ci NOT NULL,
  `email` varchar(255) COLLATE utf8mb4_unicode_ci NOT NULL,
  `email_verified_at` timestamp NULL DEFAULT NULL,
  `password` varchar(255) COLLATE utf8mb4_unicode_ci NOT NULL,
  `role` varchar(255) COLLATE utf8mb4_unicode_ci NOT NULL DEFAULT 'sales',
  `remember_token` varchar(100) COLLATE utf8mb4_unicode_ci DEFAULT NULL,
  `created_at` timestamp NULL DEFAULT NULL,
  `updated_at` timestamp NULL DEFAULT NULL
) ENGINE=InnoDB DEFAULT CHARSET=utf8mb4 COLLATE=utf8mb4_unicode_ci;

--
-- Dumping data for table `users`
--

INSERT INTO `users` (`id`, `name`, `email`, `email_verified_at`, `password`, `role`, `remember_token`, `created_at`, `updated_at`) VALUES
(1, 'Owner', 'owner@atalla.com', NULL, '$2y$10$tG1Bxc9Oq9sNWU77wlxDOuBc4OppAd1belCEJxPFLQ17EWM7KY2JW', 'owner', NULL, '2020-03-26 23:44:46', '2020-03-26 23:44:46'),
(2, 'Sales', 'sales@atalla.com', NULL, '$2y$10$qhnFDXghCXzgtb4ight3I.egJRQY5xBwYnTAHuNMubYCfW/HqeM5W', 'sales', NULL, '2020-03-26 23:44:46', '2020-03-26 23:44:46');

--
-- Indexes for dumped tables
--

--
-- Indexes for table `counters`
--
ALTER TABLE `counters`
  ADD PRIMARY KEY (`id`);

--
-- Indexes for table `customers`
--
ALTER TABLE `customers`
  ADD PRIMARY KEY (`id`);

--
-- Indexes for table `inventories`
--
ALTER TABLE `inventories`
  ADD PRIMARY KEY (`id`),
  ADD UNIQUE KEY `inventories_product_id_size_color_unique` (`product_id`,`size`,`color`);

--
-- Indexes for table `migrations`
--
ALTER TABLE `migrations`
  ADD PRIMARY KEY (`id`);

--
-- Indexes for table `products`
--
ALTER TABLE `products`
  ADD PRIMARY KEY (`id`);

--
-- Indexes for table `purchases`
--
ALTER TABLE `purchases`
  ADD PRIMARY KEY (`id`),
  ADD KEY `purchases_customer_id_foreign` (`customer_id`),
  ADD KEY `purchases_sales_id_foreign` (`sales_id`);

--
-- Indexes for table `purchase_details`
--
ALTER TABLE `purchase_details`
  ADD PRIMARY KEY (`id`),
  ADD KEY `purchase_details_purchase_id_foreign` (`purchase_id`),
  ADD KEY `purchase_details_inventory_id_foreign` (`inventory_id`);

--
-- Indexes for table `users`
--
ALTER TABLE `users`
  ADD PRIMARY KEY (`id`),
  ADD UNIQUE KEY `users_email_unique` (`email`);

--
-- AUTO_INCREMENT for dumped tables
--

--
-- AUTO_INCREMENT for table `counters`
--
ALTER TABLE `counters`
  MODIFY `id` int(10) UNSIGNED NOT NULL AUTO_INCREMENT, AUTO_INCREMENT=2;

--
-- AUTO_INCREMENT for table `customers`
--
ALTER TABLE `customers`
  MODIFY `id` bigint(20) UNSIGNED NOT NULL AUTO_INCREMENT, AUTO_INCREMENT=12;

--
-- AUTO_INCREMENT for table `inventories`
--
ALTER TABLE `inventories`
  MODIFY `id` bigint(20) UNSIGNED NOT NULL AUTO_INCREMENT, AUTO_INCREMENT=1352;

--
-- AUTO_INCREMENT for table `migrations`
--
ALTER TABLE `migrations`
  MODIFY `id` int(10) UNSIGNED NOT NULL AUTO_INCREMENT, AUTO_INCREMENT=11;

--
-- AUTO_INCREMENT for table `products`
--
ALTER TABLE `products`
  MODIFY `id` bigint(20) UNSIGNED NOT NULL AUTO_INCREMENT, AUTO_INCREMENT=11;

--
-- AUTO_INCREMENT for table `purchases`
--
ALTER TABLE `purchases`
  MODIFY `id` bigint(20) UNSIGNED NOT NULL AUTO_INCREMENT, AUTO_INCREMENT=201;

--
-- AUTO_INCREMENT for table `purchase_details`
--
ALTER TABLE `purchase_details`
  MODIFY `id` bigint(20) UNSIGNED NOT NULL AUTO_INCREMENT, AUTO_INCREMENT=601;

--
-- AUTO_INCREMENT for table `users`
--
ALTER TABLE `users`
  MODIFY `id` bigint(20) UNSIGNED NOT NULL AUTO_INCREMENT, AUTO_INCREMENT=3;

--
-- Constraints for dumped tables
--

--
-- Constraints for table `inventories`
--
ALTER TABLE `inventories`
  ADD CONSTRAINT `inventories_product_id_foreign` FOREIGN KEY (`product_id`) REFERENCES `products` (`id`);

--
-- Constraints for table `purchases`
--
ALTER TABLE `purchases`
  ADD CONSTRAINT `purchases_customer_id_foreign` FOREIGN KEY (`customer_id`) REFERENCES `customers` (`id`),
  ADD CONSTRAINT `purchases_sales_id_foreign` FOREIGN KEY (`sales_id`) REFERENCES `users` (`id`);

--
-- Constraints for table `purchase_details`
--
ALTER TABLE `purchase_details`
  ADD CONSTRAINT `purchase_details_inventory_id_foreign` FOREIGN KEY (`inventory_id`) REFERENCES `inventories` (`id`),
  ADD CONSTRAINT `purchase_details_purchase_id_foreign` FOREIGN KEY (`purchase_id`) REFERENCES `purchases` (`id`);
COMMIT;

/*!40101 SET CHARACTER_SET_CLIENT=@OLD_CHARACTER_SET_CLIENT */;
/*!40101 SET CHARACTER_SET_RESULTS=@OLD_CHARACTER_SET_RESULTS */;
/*!40101 SET COLLATION_CONNECTION=@OLD_COLLATION_CONNECTION */;
